AverageSpend,WaitTime,ServiceRating
27.829142002481408,43.52392853444247,2
115.4086222968233,57.524294460377256,5
106.69377117040008,48.68262293174676,3
43.5085077285372,7.552992639069949,4
148.0846271884079,37.78904074149977,2
111.06469580573008,26.853297520593717,4
120.23670672362614,7.927917127986914,5
160.979098005899,56.447209596819285,4
56.55863192788398,39.56818760841338,2
65.75345485089946,20.78246907239777,4
39.23538252336576,18.94857239916812,1
132.99491822652053,55.04547514948159,3
156.13080832081667,4.710545698906536,5
46.13686494728669,20.243443099287216,1
88.93909785381422,58.27164817228284,2
112.00754119239576,2.328375335155366,4
63.93923953545973,2.6735927480409294,3
120.3901910299124,54.93378361480987,1
52.11032383395981,20.72625134788519,3
197.37053413565985,40.37442514501375,1
14.67769736278374,9.87149697609652,1
61.45665859473126,12.834379234753246,3
169.65781016129918,12.328760225804682,4
54.66875506129602,24.855225106192208,2
161.18060367418758,34.620110650025,3
118.8142359169079,20.89578123584317,3
12.690320879002233,24.074857619530405,5
146.45272938499028,5.359746295306276,2
92.14640869214098,22.21527652785805,3
153.40154014573056,21.246883321995085,5
140.8900060528823,27.00321650083249,3
173.8723104623021,55.6601747736366,3
143.77762376310963,27.341678618937294,3
144.4566677704111,42.00528823454172,1
81.31953942329845,10.822846793708674,4
11.047363425720391,43.47992222299269,5
72.33102213354323,45.12460561129807,5
113.68673870862466,12.886172541811952,3
154.4626494649179,42.90587508712201,5
170.14540938305623,48.38887363368436,1
114.8528704165786,6.855004902725776,3
117.01335770070072,45.28200052685403,3
140.13573003848268,55.9270550297639,2
108.43207100271142,38.92803249244071,2
190.0271054295437,30.480202435131545,1
157.19163953448464,24.85186704250452,5
79.24104572455101,23.092681786263668,1
69.55224223603513,23.548214495866688,5
51.23810599054555,57.82709041146665,2
154.49979122887007,43.328558132386746,4
196.4614879909696,52.06887782914677,1
19.327413767192105,44.39602459245667,5
63.30480129880968,11.2504753964823,2
71.62880175947997,17.63863694668967,1
64.44356242858763,5.405142682475046,5
128.02954548748906,30.9671512385177,5
79.74289499864963,22.01369665656721,3
25.70065876927672,21.50930823846471,5
69.4717980138488,15.313884431881403,3
23.4245864719482,44.58358808030987,3
127.59106617400111,23.462179316006,3
159.6555008329881,8.914508225699729,5
186.0016661122389,40.37846581046714,3
82.68534866940796,24.06071248363485,5
47.41528773340109,39.45867191232583,1
59.54093140453144,46.76450187718029,3
77.13059392465505,23.252417686959504,2
135.65412177929394,32.28980108065386,4
92.85100276828096,17.195111134940774,3
156.1174690546518,11.52363816782201,5
169.79980748113164,32.84283636908177,5
110.493688587641,34.26930697531454,3
171.01175179528457,13.507336711468366,2
44.2846749730043,17.370943606123678,3
134.35953259895211,44.534005282649616,2
174.69421118930478,35.061019634383435,1
71.26849051382052,21.967922577124213,1
169.87213987320945,35.75012693965368,5
56.68449581780844,4.711531211473816,4
27.39614081976768,52.29461351613151,2
180.70560670712732,13.81907211710084,4
58.95670906331606,37.9588096743404,4
175.60797172200816,15.952505407965209,5
54.49907538241679,4.939157764265881,5
16.50312405911477,26.933251547629258,2
73.1242737345211,41.69616397041196,1
78.8226831281176,27.89391375517908,2
198.88872483744456,40.3957831661206,3
189.33737936924277,50.07847330716494,5
25.41359015427095,52.781067039322494,2
171.97542283113074,30.750022077290588,1
63.04416867560752,56.15890278298813,1
60.250086548673735,6.991291838321758,1
58.0696988835766,6.428324721310165,4
101.80423858473684,19.63503246971268,3
45.28098822902558,50.05664421360049,4
128.9230921272936,53.91950539882883,3
46.92439381567322,7.345461975500658,1
50.12980680270481,0.7088356291871944,5
96.35249578197858,48.40492032671912,3
49.35864213972109,53.03655060641394,2
128.57454834490346,2.799522722376322,4
20.837861562388223,53.036909241723706,2
86.14688538013783,59.959109959164046,1
112.86492045345568,39.25105416783829,3
187.67869038745988,23.549890218472274,2
119.1174456675956,50.00307373700837,4
148.13437662594933,56.65084476462496,4
56.26213020777847,44.76592438247327,2
148.70300833124838,37.317387444850254,1
163.887318992035,9.412060949855972,3
191.7069482803628,35.414863500313096,5
82.7057917851036,8.398428906414313,3
184.25312646011184,52.95483333701493,4
197.1790461534644,25.10452466109743,4
145.28267212337477,9.446441156600295,2
165.16616183385608,31.57026939907849,1
39.735443630109735,3.806570128966358,1
11.004799437895954,17.85820676286213,2
162.5509015372461,49.57074116139822,4
60.86597045518758,14.512495648632743,2
177.6250712885947,46.09175074628937,1
80.6129610863167,25.920611732818163,1
194.61507364160272,0.0204940339325276,4
10.989760093919555,12.461725723364768,2
11.718333493142495,26.74111513983059,1
94.53822338134528,1.8882545471534475,3
154.50568630010832,24.2654783646157,3
72.04320631323584,41.82277174881369,2
65.08924962918799,17.13696126163647,4
181.83020709907927,39.24312122680036,5
54.76234320873176,56.49940701027536,3
32.964529365382475,58.51345485964988,3
113.3417551234619,46.49268651138413,3
124.6264536960268,18.27731187604964,4
19.81615312642437,27.8272868886441,1
158.0323675513539,27.85747132410039,2
175.31373927611426,44.62754248091085,1
97.5038811162247,25.24771261569699,1
66.35946150585394,50.45859134241695,2
72.29703458246388,4.254176173334551,5
31.84435109354058,30.167191384080883,3
75.65118253051881,42.50120086329454,3
156.26111540181313,49.36253676902509,3
182.7114284691665,2.080186860877189,1
124.09763666589603,46.3865749326132,3
181.2632909578462,50.81000251264156,3
137.7476553926175,20.88785893260521,2
176.78397933412256,43.65004405085768,3
167.0862907790414,0.8387493070477969,5
92.34242103351995,27.241392164311616,5
167.34391002167646,30.649036730269717,4
170.00275538261735,40.30622708688748,2
102.63996746740672,42.27810518380429,2
21.16636767227813,14.857722498541078,5
83.78438946089133,22.367982393571893,2
52.20963087162136,40.04128854732074,3
50.57543420593007,5.6157617811236165,1
164.85225727922943,20.48668881215928,2
10.787861744745532,5.320459848089174,2
197.52039216896063,51.51607010754032,1
79.97055862552901,59.862386247726285,2
95.54284391700442,52.39029178657072,4
135.0928453927554,58.75510618949439,2
118.07726945372674,4.811657511133037,1
154.93974170365198,0.001380296669815,2
36.84967781545096,22.99896631967525,5
52.19439457326059,26.067284933102087,1
114.1059013614599,51.683657814721805,1
59.14036737221908,30.533702797870088,4
176.61044905704867,54.25606515142513,5
199.9735265228343,6.168722560922801,5
44.92944195611125,48.03267480811682,2
45.784535364855024,43.715940756179,2
115.34299221949531,50.842745265818245,2
53.39787916146903,23.512129120837496,1
168.29056314968932,12.75702476072659,1
89.26542067423735,33.29199316820879,1
98.58966675519244,15.928013050041978,3
13.889778950491268,48.08229932964473,4
161.29108141657406,7.583096137113914,3
79.39777997059026,42.88181161081653,1
35.922393627859904,27.36207071420367,1
51.082843654052176,56.0441952890185,2
127.6622452129304,11.08474823230348,4
90.884127594584,59.273859242511946,3
30.835717349984744,51.46134654220489,5
123.76636048920506,20.01029978439221,4
100.04558470088456,33.408149084792534,5
82.26121556349031,17.25783469593967,2
104.92829757860122,2.381627888336728,2
31.36988459937728,12.509929993603654,1
191.139417319873,49.26764525312597,4
16.221325887765083,52.88546792896031,1
24.29559190003533,50.53751960009723,4
178.15067546094747,32.96491819382168,4
29.810855379637392,29.614095756995475,3
172.7751955413261,58.99201836255528,1
64.84146878735265,21.699150607955147,5
140.70717633381668,44.77127297714085,5
184.237036158592,30.25877486579941,4
16.076617619576073,15.811120196485447,4
57.20093873130391,35.89625746529664,5
16.831154358643346,22.548226374482358,5
137.4371604065399,11.570682041096871,5
126.3816371955224,50.24550643189125,3
63.5425504869665,5.409782678051654,2
98.53907642583064,15.49278600639335,5
111.30103932810398,13.028538970949516,4
20.597347215301376,31.78807080449472,2
161.24861370972803,47.41376468698968,4
149.17051849163366,54.00283230965103,1
29.45864670639577,40.70981044050509,3
108.71032736237072,12.444720719025636,2
107.96508009936797,35.16756189705207,4
137.0001440429446,15.58497656468562,2
168.90950043757067,46.66917124903171,4
84.76835014722208,49.870181022947136,2
171.19684372354428,4.11949370909344,1
45.62339709234186,57.04250765329644,3
153.63769579420108,37.82694814325005,5
109.40101691727143,4.66146300495746,2
28.238288875040297,30.120605239092924,4
33.028422627921046,38.10683444669052,4
48.95719467224002,7.053105845357082,5
191.41182258182457,53.79366291821155,2
124.79122356116706,49.38977483493064,5
185.40145786385608,19.287737377033157,4
35.907718018430685,26.989066107482117,3
10.96138508479119,46.167339537143214,2
155.15494658675834,24.605249021254856,5
112.72594900341916,19.4031833755368,3
171.93537319325506,24.14786096935921,1
141.28071971605854,25.874070415671543,4
104.45467983072508,47.59745289789018,2
124.1532335369126,32.00725420033173,1
48.75260811690517,7.013674283526861,4
129.9634582976081,40.78510134878977,4
24.919682059556408,7.846623377451114,5
144.82386956267354,42.25347089648719,3
19.172642445384103,23.677844980040277,1
85.44055181988527,28.532248646260296,4
67.99235342188125,12.831294929213684,2
62.1203177288305,50.7946998477152,1
33.6780720777308,8.847471839238105,2
19.17556855710393,49.5324325885129,5
179.3577899206674,14.122936133441774,2
113.71794874220734,54.59796891955176,5
90.3530874756894,38.49156130144331,2
12.509853559569924,48.62787468355047,3
176.27064547453443,27.84380221151995,1
120.27094845751628,48.32593552524729,2
74.71047144069168,37.7061976298234,4
164.95746658073307,9.708082083897764,3
131.66967024590775,4.83792398174387,1
190.88442218410168,46.52570530486041,1
26.717018627385954,41.75420024600476,1
140.8388472280615,10.129259207354144,5
86.66911904488802,10.0793725887765,3
96.74964613308248,45.734123724650274,4
164.38234696198506,33.41491345361922,4
154.72946050731346,12.74638265093821,4
59.16874125649566,7.784940240717127,4
56.02901182750218,11.040261320775455,4
123.9753334799954,22.52611768511208,5
138.7091002885181,49.125116236390944,1
37.662293891478015,30.15279748829514,3
102.84897436751812,49.34054766558948,4
53.28071187261856,14.220371998491682,3
186.80800253074213,14.206976990754884,2
69.62698685169653,42.41705969179284,3
152.50763980673295,56.590525796577246,5
94.4044184389143,29.12231099560496,1
192.33446249948867,27.536980013121447,5
44.14959954675162,40.52250998194499,2
140.16681550400773,21.71101441381181,2
119.94013234211236,45.65139842130393,4
87.75154678840202,59.42732458588255,5
74.31785093440077,10.69242363183462,2
142.71068196753276,22.64363767161351,4
46.10172985478595,0.6740306695882547,1
16.312772162081274,57.06419914072057,5
76.38581439029423,44.73677334079932,2
65.17347118294035,40.262814742464606,2
39.794432210860165,13.532128246541042,4
32.947084905973526,14.581919151648313,5
134.2541013817185,6.407932128775453,3
71.97721681512674,37.322290288854845,2
116.7042536366184,57.9696684431381,2
32.99976137878065,24.103727577574997,2
162.82966479251388,43.67959338064105,3
102.82772239309166,21.005649829598102,1
35.60818532113152,4.771248989117824,1
78.28989623054906,51.99130846363711,4
93.35382848073952,47.0827503490952,2
59.87254085894861,4.773750369268434,1
148.83810507421902,3.4475620063632677,4
47.13551689613215,8.730503549284801,4
135.7284503445674,41.46595883893675,2
12.377540373360835,34.80941943878539,5
142.15270693147232,54.5051281585103,5
161.58195312492498,44.84386248006663,1
121.37106384047831,50.18876480249667,1
14.930916930442146,1.3272325613263636,5
122.39576637212537,10.77571359558229,5
160.3178974147708,26.336665845080343,4
31.42432725046808,19.32601297745988,5
37.29416539139048,4.40879078042816,4
101.0633329895042,15.80819149516407,5
162.42137139186585,30.613793359312066,4
153.14847488737627,15.23986014663569,4
184.39402633563884,20.708185531036285,1
54.2515072034645,24.02855201066397,4
180.7785169708509,31.70068087154305,2
134.48572670074668,3.2903945278918467,5
99.39129786053547,40.292501697393085,2
60.89937277458318,53.95906127930286,3
74.7929028841897,0.2676916880271918,1
89.63506856013466,27.75634962783936,5
94.62495634213045,48.66942298399077,3
133.45625658578885,18.113529010339334,3
25.77778459067686,1.5285020527432502,5
181.98862242701608,31.670625003960943,1
166.16510765255657,5.0247983178935645,3
89.56915261993969,30.24483114437787,1
59.5419667212057,33.92845537316397,4
49.22026882173958,5.558672208757924,5
134.18519879028514,30.430459386044284,3
103.06734859412492,31.91789665995008,4
114.32945837301976,36.24733452927848,3
185.92193382644493,50.25718824153369,2
113.44374054519884,25.11596714107793,5
168.47896337379473,44.282349437078274,3
12.408315081774145,31.583121037893918,3
169.6905015151832,16.6324537070211,4
143.15259488617747,54.843938689802975,1
77.70085228331983,29.274641355025373,4
118.87564632795625,58.08679196468722,5
149.77980520014407,56.01931507814416,3
115.2968060312857,25.145158919715914,1
17.579144995389683,28.75139243330985,2
96.1167713076355,1.969663339501737,3
177.8478650682053,17.397187511155526,1
154.41550917302246,48.82977393513205,1
183.2444705191483,26.868774547174155,2
63.69375556149373,31.76272632246535,1
29.443292883102213,39.95299137373279,1
79.59858815745945,48.73134494075818,3
26.830749101656775,19.00287938064309,2
102.41190878779842,55.49955813705719,5
131.08913528864346,12.310389909719929,4
180.63215151306244,15.644211920318275,4
145.24833317905146,48.10977170491525,5
90.71967577060066,10.487910762344152,1
41.61750715763591,31.500863986234304,3
80.0714142718904,17.590568932735138,3
29.274275164091367,58.36940315226487,2
92.70556798390324,14.2377460032735,4
99.91417892010874,39.06641037340697,2
44.60916751117071,2.7720215344789745,3
122.52302096969194,31.844808787080904,1
98.47489848118208,26.309563699846667,3
166.93114393903252,56.319628487565474,4
16.46855353873466,54.15057910866955,4
51.47988262194291,28.73059969632672,3
59.84302632978498,20.322295760584936,5
14.732157940501027,45.84981647022533,1
80.42166574159984,51.25472024697496,3
83.06768849419211,59.75947711372499,2
10.96927856893546,52.9499244335799,3
25.07198432834058,36.68946241154355,2
77.7315183190307,7.118831156018352,1
180.9215511141612,2.746688416056451,2
100.67484317094996,9.256491875117415,3
86.01726986745636,7.060187173583814,1
135.03561567563656,41.94581409278226,4
183.58164821906905,7.705847530002243,4
118.25290240928152,22.744273236257293,1
196.52881811977335,42.66816253981653,5
93.23870007187595,23.49591235660169,3
53.30349882133184,11.67745929361091,1
111.55427103005158,36.273536430878885,1
108.85875121985175,32.80896004960336,3
32.28842625107919,48.18082183384461,5
95.93705690992311,54.21689202135904,2
111.51378428316372,42.3568964456351,2
110.46823367353603,51.88045723369178,4
91.61688453456838,59.7036193915641,3
58.59423646841022,53.92503090500245,4
164.09565425797908,8.492395624132671,4
22.771395647027127,35.60318674129044,1
99.50965851472,28.26745596902168,3
135.22463075675626,25.518501198050178,5
198.4449157190955,3.233575570667917,1
73.43780810404203,57.53913498894478,2
41.32167147349398,49.90272534706392,1
158.68347022185887,8.102969190086826,1
93.71719522378608,31.16293629448801,1
11.44708010049708,52.80352782376378,5
81.98335000784625,12.830513160036856,3
81.72279174311771,50.61513285672215,1
105.27480607092583,35.21888417521433,5
198.83560490419637,37.35023525174003,1
67.87915120801345,24.70883880430413,3
112.4594737125367,52.317567218588906,5
176.97585538917426,57.58370681893139,2
165.71957046805645,45.08185905563976,1
144.21140399701935,24.37742776254865,2
40.59452430416181,37.37087756221324,1
145.26080640723066,36.31157072801871,1
87.31544034728134,34.174403324506194,2
44.77217664349665,33.330799782514674,5
38.46698080478869,56.81307027542539,3
186.769294061042,56.37740242061348,3
176.12673062604756,59.66843089958084,4
57.46223500235655,12.297158139929609,5
162.46693512750406,48.96997119626625,5
78.1010746541668,8.872853189580262,3
88.72604786648208,54.95729342513062,1
69.88860000504101,52.34429971197987,5
193.5060942932996,28.505867948818768,2
160.0137441295166,25.88195059962413,5
49.91081232957677,50.49770273665936,2
27.209196097341625,56.91804423497808,1
134.8259099739942,25.79610596979041,4
39.87761625810336,47.96887205026496,2
184.375578941634,36.78206426299735,4
58.18597236635927,2.701948017053601,3
101.85457011450066,49.58527466532161,3
68.10956434954365,38.35548852288687,4
127.01283171620106,10.206500838040276,4
100.05489703211109,7.412754152631473,2
148.49501448676924,0.6743346972195052,1
189.62223894859676,12.221203389731969,5
103.59213625937458,29.888212993312614,3
98.18515108597892,32.272139786078775,4
31.26806065682991,10.560017517062024,1
115.46159739079496,51.12780829941109,5
15.579103406381495,39.192316524050455,5
153.66705091450518,33.84525615813311,3
118.11290834764466,19.224440113824308,5
152.31006335756317,12.220101872103273,1
96.50257449527564,9.352367378835345,1
19.261948946499075,42.2131808037315,5
192.50752885699288,52.43018094062733,3
32.297380462382705,9.364398703514713,3
86.67961392905637,22.18299767552825,4
171.6511615768452,2.130986242064408,1
199.7501521759893,11.8628119046728,2
100.32003300321723,57.81199643231582,4
102.93413723699928,11.286814284368544,1
68.92944075556105,25.97744854840742,3
194.93351983684263,8.55595343703207,5
183.11520692505675,52.91518026044061,5
35.10636593054672,15.974871204161818,1
101.38605660593716,4.410357104436935,3
134.6425405820031,45.404303352294654,5
150.5816281517009,1.3740790404141157,4
184.83505605134727,38.54786595790443,3
136.86919726235686,38.8960775319044,4
146.6904716159651,12.90779037947063,4
178.9922404097371,22.494627443608657,2
61.99749482141449,37.41645041569112,5
54.43583196781962,58.38655770534727,1
26.497139671246504,12.786914201930754,4
75.5570947049489,58.56066414313079,5
139.29647455084765,33.313420926683335,3
66.53658256378043,0.0325068268651862,3
70.10524481068958,12.687700273780658,2
30.693319056227097,9.156306775423309,5
134.89200695724782,32.19485338101179,4
48.51764975987092,40.87133945532076,5
78.24127696874834,46.15261398227931,4
188.3332915729802,50.93668576449252,3
87.15500755906237,52.52621919117751,2
157.35696299965974,25.854135222021355,2
165.26821886282295,31.562839769941824,1
62.20909375983378,27.39467070805744,2
26.98424650329792,47.29339638699464,2
50.94234201413659,9.377989581660309,1
119.54596017100523,34.66925592957367,2
65.81339081293353,31.763566060398112,4
142.93147298193745,5.202486901117764,1
109.89726803693182,48.82303356093636,3
168.5482377453084,19.542025543912924,2
34.514741102668,12.248470888842348,4
123.0870670234081,19.70108321740546,1
48.90358226707831,16.31397711193921,2
164.58757609969484,35.39887749432611,2
83.90543889201125,43.98015816351816,4
121.13767862366552,19.286055107363783,3
119.83728600160492,8.717859710892169,2
69.75838254599063,32.676164977787586,5
33.60653972688104,8.244006741784489,2
100.07811967144862,28.21399203256538,4
186.0119951130392,48.25950991118505,1
136.45094571835654,35.76663915917112,2
106.48037379692173,12.067054979962306,2
47.60019003626908,29.661836388214414,4
161.14438446229394,13.911533282471042,5
113.99567692609877,32.11427670109869,3
182.1588160665596,15.319547781406271,4
49.5105681501496,27.74877785083721,2
178.38055175590833,39.30977559462188,4
46.33339149465301,31.1108427372617,1
111.1392572667732,0.0964663263862952,4
92.4353614843432,38.74176974145607,1
143.64830761600825,53.40166653584593,1
120.64087340665436,15.709179744904848,4
191.29020011401389,44.07254533905591,5
111.82092400856784,44.91003063877648,4
66.27360116469316,45.36258080470526,4
118.00733321516137,44.242570683151385,4
173.78543555591506,46.36396948305728,5
94.66282516892107,16.03935288753519,3
101.21551005768644,55.7901751918313,4
19.838833370747583,40.32454660091075,2
116.77050756806882,4.967791926168501,3
12.442555685310968,58.83851735010148,1
153.22984378487956,0.0920334760771135,5
125.4633244591856,53.81130740485973,4
103.5440107097199,53.6731985008436,4
114.73486564273276,40.51106239798113,3
30.51099754154839,48.41987348775104,3
45.00032127852065,54.8598160392326,1
126.83878071715262,50.71909354768908,1
87.46222001869855,24.698008540573174,4
195.78371542453627,20.78823159154013,1
172.68840534493273,51.309567442728266,2
197.35285252487648,29.873383719318333,1
95.51043192932784,18.194577968252855,3
82.28712683122994,59.7415927527615,4
148.73386433415632,45.56239019980625,1
44.55031062788119,47.86090484383425,2
40.096970574024425,43.24050203399883,5
83.91820016446793,9.53000683962475,4
97.44719965202216,40.69330900769844,1
68.86879020261722,26.216099759833085,1
25.00613628506278,22.56256508955892,2
115.78611616931111,36.28679867551307,2
174.28307608685222,49.0028273356464,3
198.6054922005622,32.20803586178973,3
120.00446056144531,22.79358321051642,3
63.46136075208707,26.046414154566776,3
108.52754527411372,6.811708129514522,3
15.680246790758206,23.57017659493897,1
34.27721431221249,51.09969008813642,2
193.1186807511954,37.92817944655497,2
172.31768274426017,35.67017698720009,5
114.04962173812086,52.86161328400953,1
164.5893049651675,34.187214643405106,3
159.32115303664062,54.10296267833252,1
115.9468696541604,8.054985061960807,4
123.75577233883205,19.815008773740804,3
136.8489274988425,17.524121602930375,5
61.931069877977095,50.26652063133546,5
196.05940660108536,35.36081999858178,4
94.0945725240213,6.169316915476754,1
126.7753118508754,0.3023577621775897,1
80.86541992217049,14.12777801099148,4
21.78262399396446,4.816430599924306,4
51.1180024379907,50.90546701385622,2
155.9310526627238,43.0460187218084,2
127.20117258067322,18.480202703142407,3
98.72512019701442,12.029118622709316,4
187.9768523616427,57.48473800726117,5
143.43494232943772,23.25326818009944,4
30.92878402275293,18.9682402312095,5
103.03251230199324,59.7438560983998,5
31.09950010081094,51.71087690069585,2
156.86960403596163,33.47260399606444,2
86.91524822250784,28.715880744343604,5
68.70420104571224,14.82502157845634,3
163.96691003946844,30.62258239097789,3
142.9423743368122,15.756474493596818,5
139.79824038243697,10.507310427403198,5
144.99399837443818,33.61245850693695,5
189.79294657417745,43.59121366077667,3
95.18573821315036,15.318195445575762,4
50.479568394460905,10.483875568450827,3
115.47240941873044,7.662920399563234,1
144.64830870670096,52.444341630995226,4
192.3188812191898,26.950636277978948,1
35.50513872936831,32.889401882082375,3
161.8451992380163,27.601757493398843,5
131.7931676586348,25.8205055023933,1
166.9688745964335,3.956950223363871,4
197.77694943493435,17.035477208686682,3
128.34448023701614,22.491714938046997,4
131.51481220796285,50.225122949069096,2
145.90348213083664,35.731410549736296,1
161.04491346608322,47.513441148109486,2
33.30163332015273,29.76079766315948,5
146.1108145544668,46.68836472845209,3
143.88275467024627,48.36955559792772,2
134.605580787091,54.98035976202432,3
164.10370374755334,39.93521402617132,3
33.764266644545344,10.673325995643538,1
23.644216000318465,27.58799495218137,2
68.72990341597128,49.317271272928366,2
136.8787532095253,35.89832121764842,5
68.187852573149,34.79934537411741,2
185.97282158434064,8.998183785935797,2
71.49787324442329,13.235464010279074,5
79.34198651213259,29.635547308795843,5
146.8138198899871,25.478258861067285,4
76.57834259070319,46.92265792786026,3
18.698951912477547,35.7450878645019,3
144.8868093932331,22.35720105478122,3
194.16530297447468,56.53651310178938,5
60.4588578361377,43.35451573768649,5
149.34515369349666,4.311842770029102,5
38.24107199203555,33.00114502124279,3
35.05018975807694,17.988337083444627,4
69.36932804782072,24.86038483053938,2
71.36459600111218,53.25882497614798,4
116.54774592372368,39.35692215833812,4
91.29013239461976,21.49629336602221,4
66.4179361506895,40.660476780450296,1
93.24411341726828,8.670381919938613,4
152.44996861780493,16.698340437865237,2
168.76792613447665,13.869249608264116,5
27.52231345814948,44.64602089311055,1
171.40968079304494,29.46409709536152,3
129.12224055981193,58.4036426233862,4
83.19003169592992,24.234872374241988,5
156.60651112189112,25.191814402329,1
153.05342078846027,40.86118501614897,1
143.95748618552017,14.632573578283004,2
83.53692607610644,5.472133483076549,4
71.16360917361501,27.075081457477005,2
189.23895697660265,7.180355695929272,5
150.64589337455803,6.357974098708167,3
183.70698868021884,19.53842039435904,1
117.17747014196864,16.291742748657963,1
59.45131945944581,19.628911504392917,2
100.1519807030905,34.73797166387229,3
185.054820047765,28.41809886310994,5
13.260450476413716,31.796520733924297,5
128.69675764263124,30.911059865651577,4
14.51938081080003,59.64949728553066,5
171.09547026445418,2.9741280043373286,5
189.1319602316872,57.43355058474199,2
148.05138359296944,6.76253821687501,2
89.07257720783619,49.75238350759482,5
132.84366490107558,3.663373534822749,4
138.85239425981095,55.1995000056825,5
26.1585033048524,27.500170859859104,1
91.07142380915398,25.232958605700254,4
101.25643115538126,0.0396432409164937,2
135.6493959128814,57.09383832733932,5
187.99589129527632,22.48580328008726,1
132.07414734548942,10.693757610597352,4
145.90630080787284,48.04410474636323,1
173.27401268790632,26.92385026039013,5
101.46681786979453,28.99944668357378,2
65.80537981561592,16.935790570502157,5
66.5752841758503,47.13593262953098,1
177.499948130957,37.562005148361976,2
121.644763775759,13.289351557213948,1
157.16585843191748,24.879051960963174,2
197.57813740950488,30.62340741217388,5
105.43061829329368,30.295858293167164,2
48.65686844979565,0.5127055628958654,3
93.709085752126,44.33416927696289,2
87.48813881246244,10.750463328890682,4
167.89015925797418,7.331572874095766,4
122.0302340504835,34.01814136272406,4
17.1300334737073,18.882868131683463,3
70.4066687027184,0.0149114560396945,2
19.9192726952068,58.56370482821964,1
89.05679780744273,5.772071492753382,2
110.43776733822972,15.94594752425378,4
51.80458475749506,50.55643132959813,5
40.84520606154881,8.696160119258,4
195.74497066492685,59.48946845343411,3
70.41172456818165,37.05073691866939,1
81.75651562897325,48.21798945615952,1
76.92388842099817,10.183711939248226,5
114.59085876043166,43.01415614130316,4
121.73341050634112,15.011897579806703,1
36.87637834290511,18.597088049187263,2
141.23893476315675,47.77061152632037,2
180.3932781800881,41.83867263046258,4
64.12520745173973,45.29659346178499,1
148.7364950664031,31.555532962067726,2
55.49285336468879,39.57717401446178,2
130.08219595514345,10.691894792308084,5
192.27871231785767,1.7609426572039943,1
144.3465061861136,41.99392767462301,4
148.06410825753284,19.77570596767468,5
99.96576649996032,46.85114685599076,5
80.84738711063952,19.59420907073004,4
178.58696459159393,47.58910845730353,2
32.40365651484126,28.29627880427111,4
66.04577457836871,55.75293602777088,4
31.390325921530867,11.97262536318686,4
150.2630044370998,59.97076205449223,4
98.34962582852648,58.77803832900975,4
106.79777481950956,51.11875481207365,4
145.12257685317803,7.9125655022729235,5
15.30161676542388,41.47061149684138,3
156.13058358815852,17.49933493348158,5
112.84220712588233,20.325972315339666,1
150.02543738745138,8.019213181970159,3
17.395438760306,57.88974717314581,5
115.2307139829894,51.62798958864588,4
134.20424150002853,33.14442549889363,3
58.56481017466921,39.499781042420416,1
51.84538673766124,51.256064928199166,5
25.04939334847916,48.0509590567146,3
157.79498012102556,53.09621353085749,1
81.64624849342039,41.50380254524809,5
20.10500187473941,4.046710757404426,2
40.03402307918103,22.50614782856041,4
90.3911759441238,24.39445248319741,1
20.511071618926977,37.15789927169804,4
66.9188731715312,50.24718569753183,1
132.74031925912814,41.79393680547827,3
141.324316423645,4.935800613403876,1
23.563171298026347,55.78038581948972,5
86.33289938401843,31.48687306487072,5
40.95330861057982,7.210911587176236,1
120.3530615844241,22.784604482019223,3
113.91503018690754,53.04560429863301,3
161.31027010194128,34.1436958893122,1
45.02297151439418,53.951306582926776,5
136.6023266790903,35.76552841879925,4
118.92288156780248,38.73095634516474,3
139.27765547791014,21.38462696783084,2
131.64020888774843,14.406382360385958,5
37.382881137926574,47.80275746593817,3
59.86319398044693,32.36902117508587,3
92.0893518095621,38.4293267237995,3
186.6311748100833,6.340382658491588,4
94.72613669834728,34.80458917481756,5
20.857983849567155,23.12182713459944,1
76.16677965137659,15.781573157463413,5
35.0372637599459,36.60330406264345,5
112.1108033539408,15.577277633501811,5
21.851667080957405,31.87568595020769,2
176.5760636160017,15.804442301945508,1
75.62872208608965,28.813088586977496,3
71.10701806075684,50.91097242795797,1
134.82270663232055,46.60247439806008,4
77.31028371345393,12.633751750625157,1
45.64070411912236,55.80069313562562,3
78.42907421636022,58.5511291577724,1
196.0137588537852,25.061243833862108,4
107.65159384535129,41.18056022078143,3
199.92421535857147,59.510085298230685,5
59.145511067017424,6.043424578028769,4
81.76408433927404,20.056381531633008,1
100.85408378218844,36.19978464010737,4
35.00289610269914,5.441516163526341,2
175.6719507782355,55.396910337971136,1
65.42080208346175,10.565570908594156,2
85.78040668918052,55.69684633819238,5
164.37473879392766,19.42665601928384,4
28.86517302001144,26.51163546866544,5
133.35814531316947,28.393705729170293,5
54.602697052905306,46.522678984742114,2
178.09542825350078,21.16221310420535,3
111.78347325804212,40.44596006646989,2
192.24006601165647,19.52026168737512,1
28.19637011886315,19.5635657575252,3
36.778500248831136,20.454879123220906,5
44.27360536824927,33.431583675079565,5
152.50187032746,52.244510031400026,3
76.1388425208535,47.68321202727586,1
117.26780589307036,41.96876383479308,1
100.02876406197916,10.96746060047673,5
141.18643071469646,12.29116345345587,3
169.6932943511229,4.906903312295084,2
193.4079693494093,9.304219705782948,3
17.76115338177571,50.66878579355984,5
26.49229881229368,24.90507360985557,4
142.78574725528904,43.82732458014302,1
38.01218870099531,29.83406654288156,5
56.432095925052735,32.13632242302906,4
84.26181628530043,26.210100654801025,4
82.1737288987872,18.576954479444183,2
176.5884627116285,6.657771391379339,2
47.55312222798942,7.416326486478015,3
176.91873066127036,6.398380411365876,2
92.59637102402418,18.720524373492697,4
161.23680941658296,50.91130012011234,5
26.2349112939058,12.72921979589283,2
20.654711535226305,11.310974101220472,2
40.40292518920904,27.72980324065683,2
64.05444974289159,36.53571812743533,1
122.09984858805404,59.70885938254508,5
152.58192308353804,22.77660595408604,3
173.1934313676002,9.2638215003383,3
46.42526732772109,51.93386285023039,4
54.84893264101628,48.028480345571445,3
181.30290545256943,15.996512751727751,5
11.70458240823595,1.92247237104624,5
41.39657990872268,10.915697104237031,3
61.78637701397768,9.927728913655807,1
12.761229125085087,18.09203140722175,4
70.96739934261325,52.64420844315436,4
89.69675886611779,18.51509266698789,3
162.95492877688537,4.228618028577989,1
145.13634222587743,41.33325707955324,5
181.9646724565334,27.785756906562952,2
109.22594621017964,15.458141450336988,2
183.75524402356484,40.30123743596287,4
176.50776771022967,45.74091051544299,1
64.60245731285235,43.69588398985816,2
79.79968019134273,7.745319194387208,1
158.63869643815414,17.19321849537098,2
16.476402244841317,54.58245060696932,4
173.24258041492422,10.942907106584588,5
173.95151826472514,21.529347330904077,5
107.68321200719404,46.29388290310728,3
197.21686201105783,12.825703842954306,3
121.97615817516036,9.568050122638038,5
110.75990004240232,59.17656991942608,4
87.93335229596616,1.6627307649905698,3
41.32008489524731,58.6420373566191,5
108.35474425587851,29.69109418155144,2
72.20481494271507,25.75292169280201,2
167.73327473872823,26.678847912121995,4
119.03046330398035,25.63840847158437,1
120.02273711414338,21.88997188120216,3
78.67617572202816,47.87174593045536,3
103.53580719837778,49.83720854783572,4
135.0003798792856,57.85191092022459,2
10.306126713600484,21.11169113913309,2
92.73045669794752,2.4572697126022147,2
103.34738992325772,10.882510633252776,1
97.79145196200804,2.886074056807741,1
15.038654942698866,16.708130883472126,1
129.86177335968978,27.306529182374884,3
127.4639976715102,23.14634855400718,4
147.34467973396696,6.268095393155644,2
86.40379933977407,27.6304887591311,5
132.16704350539163,7.651989072637349,4
97.05566399093466,31.432155526206515,4
112.73916628279014,3.67171449911305,1
43.659470120920695,25.24392153168842,4
156.21083394580498,31.09656622786086,5
40.18669775135804,49.68000905875122,4
114.20615959427934,14.464961906742676,2
66.17067481519535,9.872375349800592,2
48.516511743466985,50.33296153464891,1
177.45967599772953,31.11282775807394,5
77.00763039388782,28.24079239503461,3
13.019570764641326,46.206575464605976,5
190.80678177280615,26.843382139033192,2
94.1276704628134,10.174872817477358,3
188.8233927541393,52.94917079053159,5
23.765211266737783,17.353504226697975,1
112.2640430339068,7.106446144683574,2
110.44858911460337,46.09532347651927,5
148.0961552646249,44.35447262722069,3
69.32142001443609,11.033650097795388,2
92.7134274947312,15.75784483056066,3
110.77375737244844,25.264104429589157,2
107.99912356636948,28.04575955086089,5
116.2793026683666,36.272263544267496,3
178.08296444604133,56.57220739739039,5
54.58192362213362,0.5030394847421271,4
185.28901044774884,56.905042702480216,3
103.19327152292362,58.979737540222914,3
141.98041407524323,7.047392870261932,1
42.976948438931935,21.46773506079557,5
61.00825865220995,4.718618032851769,2
12.720275284757529,10.677233056459174,3
144.56806598252172,21.104130133671465,3
144.19021108220227,59.42668246139792,2
62.54918376158604,57.62304582757618,3
101.10929866972629,55.48481861718998,5
43.02728633144191,38.86856151569877,5
59.5430368167299,57.51177465936132,3
28.528918164431182,0.9818711933464686,2
89.83556255864282,49.975428233786765,1
55.49014159111061,43.345184782383214,3
184.2614209120665,57.54125311240168,4
94.2706973207178,54.04730785579164,2
94.85065795424684,15.609551233784272,5
91.85956834310382,41.66532720338016,4
198.489279119201,52.72098723679412,5
51.8886090653284,1.7730400102137134,2
114.70303092670302,44.80468213322414,2
168.33818903482324,3.381267677858253,2
46.85649538841608,27.606053811875192,4
63.813243015903645,26.034604639980536,2
47.87465259014544,12.308095210103218,1
53.322524736761096,21.15747449312664,5
111.4382418855527,41.81774182164809,4
148.56774606047935,28.369105415462293,4
118.4204215021766,9.9288248670215,5
174.77001229160354,26.337337634742223,3
60.08616117653544,11.732632719072182,1
32.10684784401119,9.960165845150676,5
61.362999897970646,26.147100772721178,5
110.0395620703283,41.89326327039807,5
132.17602953048572,3.690073451489717,2
186.19161022331605,32.04058838871092,3
93.46414651329052,44.318042204901545,1
39.327100834516,30.864936410334824,3
72.40270391378934,44.383852350399565,3
14.00564858901434,7.843587859291327,1
92.78309015073508,0.1627715578824262,3
121.94165323350794,5.115625193878244,4
142.6644485190539,53.1969059660755,4
56.67619402736902,14.632801903774396,2
31.60057467956788,54.42690984749156,4
160.89561479129142,47.94503979147573,5
154.22097110338623,50.02531891853573,5
96.42774727964704,44.854573046000624,4
147.87858242993383,11.939401838620762,5
161.78224322513424,49.37185458054247,4
121.3514869993556,38.47170978065992,2
134.93915059254493,1.981344350030925,5
110.78412039052334,31.203962882182555,2
84.15672885385442,40.71386771773462,3
12.191100640958732,49.20686521151299,1
100.3827598355537,13.5246748178942,5
114.73082261873566,31.842122444036917,3
59.217403200999634,13.365549852448632,4
64.55648846732787,59.120390327182136,1
127.33324814438672,25.12585248491176,1
39.17708591626878,52.84969559964221,1
75.85269158557091,7.941805211461865,2
28.637753830071446,50.34847560430609,5
182.8868550655825,34.95196555399496,4
170.9255873391458,33.857176718030686,3
119.00654840268868,46.83278358034489,3
85.51928459158029,55.40597200612843,3
30.50064905760664,20.628588930701145,1
123.21469439470096,30.458217442207804,2
102.2686783748412,22.528492453967345,2
127.45150664928391,43.10804194465285,3
46.015127892293954,2.987387249222353,3
131.30147265652244,47.70015350971512,5
60.44443664401869,35.86462816639466,2
76.10488408036647,40.39886746627511,2
187.64583251054344,3.682724780998079,1
29.20643396757897,10.203074458687276,5
156.67173066357182,17.836599573670306,3
134.78019026020772,8.110755010779936,4
144.71107634016482,56.40331922267781,1
101.66957851467669,10.465248089509542,5
190.34280026371331,30.15292024751687,4
45.28659891808041,4.016771160027406,1
151.41170305079248,41.80406928788184,1
184.4537882431129,19.733585247696897,2
14.038915052613312,49.70488325619367,4
130.33159656488266,5.919517102391147,1
149.79827689026806,3.717592130510321,4
115.04775071152972,35.668926943313046,1
191.3734695333004,38.4871092865124,2
106.23404431167458,37.82000571825486,2
62.300308674078806,41.81975087951522,5
83.86453294725077,53.472289479458745,2
30.25774224624463,55.7852503838896,4
118.28308742553251,51.69310186654474,5
198.9714685355353,16.78952188776945,3
93.38301252921678,29.57906331621641,1
50.7288555657926,47.69382916661885,1
185.5522469656781,44.57314397624751,1
24.33004985650457,11.165435196594691,3
105.37534272764128,37.70263345380544,4
70.34829667200688,14.211074158338684,4
144.20027892085625,7.795941078853046,5
57.57687035443038,27.334176659677517,2
20.135182386247024,40.7198767974132,5
43.90707680325642,30.887367074454936,2
108.03756126967826,42.37953309780702,1
143.38489193133017,17.14636154789338,1
103.994845851186,5.155574228242001,5
168.2262955477346,56.218054253012696,3
156.60879479813556,31.102831588367867,1
125.21909100347288,57.12072078502787,3
179.04468463213442,4.8893989721825,4
12.836971124934903,10.870001128043612,3
103.16731540273906,28.69861122678149,2
74.39049103467283,54.38119041392624,5
96.93821460831413,31.76845419347271,5
85.47931405868107,39.084889438320765,1
166.76796041805378,48.008018135941015,3
108.9414466831452,41.90879255228448,3
190.46839870374612,45.46389200875988,3
175.54604089673737,32.42438990353504,5
98.60796083049556,16.26886944638269,5
99.86377756304724,52.30079705138928,4
198.8131001163703,26.42327403755311,1
117.61302126947308,38.5871374907866,1
149.9074413558558,6.656397823593194,3
143.68316219333403,33.967476988171,1
78.56671422359226,54.92951892489184,4
134.55756421232414,37.80967869812381,2
150.1839663227358,15.22211186381494,5
67.72031223352919,57.09154835287963,2
90.89865127929458,34.946325187323765,2
94.60947943642776,12.8756513143996,3
116.04040139701324,58.67518789673542,1
137.83290706269133,22.121710033699053,3
64.05690933730563,13.679942401593808,1
186.92317363786648,19.37037724576998,5
163.03256142092857,5.275563182730735,1
106.786324714051,27.603462337374417,3
149.85298503589567,10.207720349581692,2
57.07604546351605,36.6745841285344,4
156.57272629812334,51.75270965958824,4
28.68067671942321,9.68600855105864,2
51.77348953504277,38.694987107613215,4
68.24287093843998,12.017257260242758,2
29.36221415112039,18.841182379741785,2
146.17799976489732,35.86612096997226,4
77.63530495095844,27.36491105401772,5
92.162034925217,26.772777171399618,3
62.21485524629493,6.689395279987678,4
49.69226098441569,50.66103905080503,4
168.19162684441366,16.65055523537167,2
74.36868391667524,57.73952771039057,2
84.10893222747531,46.83190414017934,2
14.4656275288932,15.381392723620197,3
75.91422577367742,27.24096452575704,2
67.39045866960191,17.196392743318963,2
69.89542849973179,14.897866245939673,2
29.75136991166903,37.05906687327079,5
112.39561509226291,27.98846858427944,4
164.05184941535802,24.502044118271023,2
133.45965547756077,18.42420447826515,5
66.52543607792724,22.805159661906096,2
174.67755856658786,59.00026710359937,5
49.6650013896784,41.56426444841179,1
58.91998478697617,1.5473774908024795,3
32.15196472042223,30.9460937930451,2
120.15876139173004,20.004069941446744,5
128.02216427043498,0.7389085913872795,5
23.48709312280983,28.39662557549452,5
138.88606616154448,42.10170815795832,1
125.17321260797728,40.75509813335114,3
180.16039006571933,9.303960506044922,4
41.63376284987213,16.538431960325404,5
118.8235980382652,15.98731087103661,2
77.79903126553116,34.54095113920492,4
139.334276188942,1.2390449493846245,1
126.49396632377606,38.392534025347615,2
13.213182487555123,9.845117851219038,1
38.92535578137331,38.82148628497882,3
54.83039978341717,26.19011242952263,5
118.4198193756179,13.986396411894034,3
171.52105919822188,17.705528542396085,5
135.4879642349166,37.39453246105086,3
143.34070635305335,43.95543940858408,1
70.30073095422229,52.60490751308457,2
136.37568242318196,57.318244049080064,4
115.77318652533872,8.59046726178641,5
182.91249695992715,42.53974048856039,3
85.91544204393259,55.88085087381091,4
114.48862784309316,25.547960743595254,3
144.8767995939182,57.026979020849886,3
40.30039916578299,26.71199980599432,4
79.27245379580343,22.211176046833355,3
169.23779539028496,57.05324946891244,3
197.72393072909568,7.582249870808515,3
89.73642149189229,27.921243425964317,3
136.1746629072999,54.4785385596646,5
123.43232870632065,0.4876669077009099,5
32.636076153116015,6.82857435160495,4
140.7383353882083,57.37497411872703,4
20.91949776359681,35.18154447262735,2
197.4495946264295,31.54489057949783,3
140.51853333045108,12.809127215550635,1
102.77651038492615,10.050039659546728,4
88.83253490332967,8.367503303125847,1
191.3211674565433,38.37083219224377,3
110.45018335617762,36.27351364352775,4
163.0435235626266,5.5382424682859455,1
85.06737273074744,54.612687589025455,2
145.02450059069025,32.84216712074896,3
29.11009392945511,29.851526422155345,5
188.6300494204889,55.35583361022382,4
13.003580254964517,15.891148689916022,3
107.4876945452272,56.33307207863437,4
88.65281100002984,2.436076712311881,5
144.3684579812617,47.38544000015052,5
94.30075920445586,9.228264318341497,2
44.938359866126845,20.945600962373376,5
13.012430375221385,6.510665696839948,5
153.9636998994551,11.645289297717218,1
179.22671097370798,53.07767957909005,1
184.7513315802363,20.736667690106493,5
61.16056854474769,33.024117566092166,2
103.23041540147388,40.22291061310467,5
170.52104612320568,0.7901403424143827,4
133.33449889834787,44.58694962621099,1
127.26102867593043,13.443036862504067,2
10.373267537394955,12.823679145838812,5
108.12230272614114,21.880443002906635,4
55.21892068407573,31.94297984519905,1
142.39635621914798,15.0123019437855,5
12.879643783948431,30.705601810821538,5
141.4975225664942,45.31012910275592,3
55.96263267190146,20.46876441544559,4
166.26489220551687,56.05735046292452,1
106.54098780016876,46.86417834634448,1
48.88467325776793,23.408163787315537,1
152.10402288989147,42.29117540968138,3
187.36948283263715,13.842779240091748,4
34.30279938495883,44.759236589448776,3
148.74364272844716,19.533146050369787,2
145.1114142191662,32.50820011403164,1
53.462774674456256,21.40240105646398,1
144.57308526261272,43.71939850420184,1
66.75458855447049,53.43161490298614,5
77.56041764332022,41.381354231307775,5
84.17514935031039,42.70106797408678,2
51.82752716289399,18.703957711763152,3
55.0410075383824,26.317699837308595,5
81.06013478132715,34.21781117099494,3
188.6663473401308,40.09550564763615,4
162.3817319142283,6.089911053138726,2
49.04539573775842,1.8755520731274933,2
113.55953959997744,48.54777547745388,2
70.98893933504735,22.3137802236697,4
44.51964283363695,33.25363210973196,5
59.043427015500285,14.5492432854272,3
90.061872194569,42.59689757043419,4
86.70116107631091,48.01534347394055,2
56.83882984828983,37.15439016125401,4
36.0168324811074,49.89403912342398,1
105.25267952012524,49.61413873476916,3
99.4738874219653,47.66021794710802,5
113.23687364925227,50.7130891415006,3
160.99813267816697,38.11511955301146,1
114.97342808174548,13.55154252530602,4
182.21695940607364,43.06973662099151,5
177.26756568384457,2.4618572190836785,1
127.64502509776707,54.32387707284988,5
81.46162191899573,45.99820974515496,5
199.79665018579988,58.680533205399655,3
63.700146177112615,51.11697715601174,3
13.016722317988217,44.64381512794584,3
28.56533302954801,49.826118188366,5
107.5666365194598,23.17086146506784,4
142.4084639624003,38.93637952886286,3
36.11396242266121,19.393733489378004,4
160.77189321161276,3.1058381233698773,5
104.06862764919305,13.340784055258368,5
136.09440257285723,39.97009356927334,3
84.90321104282047,53.10539685305609,5
122.36982556072068,56.79256717402637,2
83.30586895764371,30.65368586236778,5
137.35249357916632,3.9622289848694026,5
35.33523109998468,27.19882809392179,3
43.52704473016984,22.372741668106123,2
100.5750393197362,15.325780615077756,4
51.182801740141926,54.2022232622338,5
77.64236667344845,21.959538187521638,1
147.8134647339018,49.65539248980175,2
152.01270762418065,48.531310484317856,3
90.19486768928785,8.147718793647192,4
193.7564628834575,59.205748234633,4
40.89730110220594,28.61476934076173,4
147.36221965252585,42.33410389191695,1
72.8645880332304,50.19907631453999,3
159.33144494300697,28.169930440268672,4
11.613486688905,32.20296489346781,4
107.2241606835784,28.69925920579299,3
100.05480966900512,48.438155924040856,5
135.31403352677717,29.115145733975417,5
118.15829564805296,26.283935558572807,1
169.68194702010257,37.28711078236816,5
75.41977249581429,6.701591335126727,3
161.3607093012393,57.60193300637651,2
122.49081948170284,18.54300621498746,2
45.0052337701188,18.714541284236763,4
136.1096947240712,42.81756203714195,5
122.79930687648312,47.21775983302744,5
82.62664374323957,36.54372442437022,4
197.28846854334893,56.0455693787016,5
93.68449205259266,6.627008112003924,2
195.4952072501588,10.185275851948902,4
31.52009569903845,49.36159722264002,1
68.50655816432237,53.39879420936182,5
137.440806491426,36.67054547250982,4
136.3716092239128,13.641005727590818,4
118.05071374985204,50.02342061328852,2
46.72720470875863,48.81009527194225,5
157.80792980334434,45.93084337996321,3
136.01982327282818,53.43051036965515,2
54.41559399538539,55.551874452497565,5
172.8190355678489,43.30699210225019,4
124.06108491087916,4.564990186106033,5
175.45405260073858,36.03040190876665,5
189.62389280240868,38.27638787574266,2
35.453981513609406,38.02611371131613,5
103.42172019434534,16.607189729104583,5
130.03434628004422,44.6527849107915,4
75.59348189935854,43.52772681966661,4
173.4417600904705,43.61747306069342,3
80.65256460029279,11.989623796499046,3
54.31519254879403,5.834312367681365,3
191.5995109700736,3.016303939904865,1
186.9769765554202,21.701727256385,1
198.28125553097908,33.24380897224186,2
82.56382265308878,8.534198911256272,1
92.41380976638852,10.86918091504917,2
144.6592234500113,52.14505036774359,2
132.5577278562181,1.7376453136915715,1
76.88145668776723,11.485681318199838,5
73.62773124406047,13.272913213330552,1
12.404014732117863,18.78060494620468,2
131.66634048862474,45.49828656214398,5
70.03662945522211,8.203665735517909,2
70.36466537821629,31.22601063351584,5
61.326759998326295,4.104431457778972,2
175.46153551453088,58.43790094608447,5
150.42720623537676,35.36940274806766,2
176.71981396729058,27.713805825731995,2
13.901793261131994,24.24274006240362,4
77.52249628119871,19.83409397410555,2
72.42763915647441,22.762564297998825,4
52.8165464223081,53.54136844014923,2
100.73909183234257,26.814592015073163,1
75.87809208503012,55.313743758438,4
81.83408644965644,7.523507337301534,5
31.715462689040127,33.46633374982584,3
167.78174060666433,43.57298839236325,1
67.26076646266405,18.1647296254452,4
185.69791414455457,44.67067298172747,4
56.79719535623386,38.836940876076994,1
69.28435981597127,21.93156298095157,4
171.29351836014737,49.16746301797055,4
180.13548505747954,29.7223988858021,3
175.03210146489857,49.429604235919015,4
33.052667324732965,25.648918412901786,4
65.16185579612737,38.48255682736879,1
127.61433641500332,19.843985390587072,3
114.08880407573844,1.4284820555864175,4
96.58580041397435,48.055300292699705,1
97.49051788395631,38.7787977637783,4
143.00441781853698,53.565455280599565,4
89.30301782291738,5.993643987764175,1
162.97029138365892,49.34783381255969,4
86.20347614188134,4.319539845902538,2
23.113997040309528,54.43414186165635,5
162.5853412343783,6.507093919774054,5
71.68090139988068,26.09509531631964,3
153.20785721736237,39.00788541146614,1
186.8367561404457,46.666149160936,3
161.09096320148407,51.7077762464176,5
195.87542268680468,47.95934719584741,2
153.7706146764834,57.9171810012558,1
27.62220132492855,48.46716460602239,1
46.08056891968199,32.800308869008376,5
69.17142980594818,36.90370942882782,2
166.92260747400317,20.670134181945617,5
28.24178353125655,14.727752400720703,3
38.79947236697655,10.620332711212727,3
131.15537507260188,45.055052542127015,1
164.56321689154282,32.82539470509944,4
36.06496072652882,15.969415575410856,5
149.27156967594365,29.077455237194847,1
123.7656421368608,50.313380841171664,1
190.9125618456231,37.06861886035063,2
133.3781622903457,37.73055228683874,3
126.90192538760644,21.03531296080036,4
192.01887680254208,35.601365675621686,2
154.68042956733214,13.362079457238483,5
113.72728577465811,56.05495586248568,3
109.80997679318747,46.91778463630005,2
78.25517844255303,23.4602840695494,3
160.0793395639832,0.4268353913937273,5
145.0080842308975,45.01169067424813,5
167.18442782004217,48.62133553025409,3
180.83422899334735,8.019735830998915,5
95.36953646001818,26.54274457938737,5
99.32005905667324,25.240344312380223,4
123.57321462151498,16.834782593564416,3
92.73557675602277,10.364436693870385,1
58.009564198892114,39.92328090249371,5
133.3777616701358,24.98721628659949,2
170.20873526214572,47.71953517187087,1
124.22389058457571,24.25770454942905,2
116.90195810635778,0.7077322056962898,1
196.8790017926896,45.21649330766305,2
65.64814341173147,39.97128011403887,1
65.56273661493078,43.801367188663264,3
86.14960274865908,36.68812745686529,5
76.64096308448319,13.25138534574897,5
135.87259729519604,41.22063514582087,5
94.03506036450229,37.507118850162726,5
79.34317286656453,15.32830136982252,5
137.91738737365029,1.904982771435535,3
121.25783977362926,59.24801785436977,1
150.23307980385354,23.24928344539999,5
169.08434241107102,19.912926858232016,4
113.06887952884824,39.37221698110746,2
152.1367953967516,14.722728334475688,5
137.65176541020284,46.94965327974454,5
69.42834814979567,1.5646495960397666,4
77.98170104061032,48.16463733123352,3
180.89909370536955,35.149137044594696,3
42.52865914623689,28.919826712554947,5
137.89271815726852,16.353716952620417,1
103.30990016091756,8.87116140197396,4
188.75893114541825,59.49877280332748,5
99.82419512699364,54.10088729398429,3
152.85554113796354,41.481402199584295,1
179.1863922059993,29.749041391584505,3
35.66228094114958,17.760786799859048,3
133.07207960463637,34.602021281184214,1
42.1609181264004,39.9001420515366,1
178.64811905903645,1.3915760117684028,1
197.68952072475253,51.176057302512575,2
117.55099020731994,0.6507438207079685,1
123.9613731823586,13.189930141615742,1
55.81770275766514,27.454290303016037,1
27.999196600588185,5.323964716167165,1
119.67561899240032,55.52799800222129,5
109.35700929919888,38.17701864704944,1
46.4712583638543,11.36260234860529,5
143.76103066574512,24.19684092837622,5
152.77420124096685,2.541497539615214,1
102.40459269444337,36.585997874836096,5
32.249642008227724,56.252935424392966,4
193.15874053878272,34.47893055777816,3
19.88853328904562,41.57326811956717,4
198.9602709736135,44.27713943520072,5
194.8845103751251,43.19960750266653,5
181.64799547325148,37.96975372209306,3
173.10767586974072,21.62589992415113,2
43.59361563983016,20.80816371243114,1
84.77909779173542,0.2150258219550838,5
73.87853212315915,31.007445465644107,2
108.20498905445945,37.82919953206408,2
156.32857245809467,6.669285171474613,4
61.75276854685941,13.85899722086208,5
191.146100968778,40.745820930163646,2
101.92778961480172,31.68283320740743,4
121.46731412783028,2.569782992820071,3
114.66964654086595,44.52433976663307,1
97.63976566794648,20.6389668743143,3
94.40713162744215,50.88045048774508,3
163.33338212074094,36.581379118792405,1
69.47969953637747,6.552976478057437,1
95.55532559707176,44.7063180825063,2
130.002526446739,18.590325277104576,3
137.96953595223462,35.304614306306334,4
24.73948788432129,52.94951358895401,1
21.09743343146587,29.967504357311444,1
80.21039468849759,36.6397457049256,5
107.04675313249037,31.50171780274142,1
151.72694681492106,57.24799219943493,2
98.69265423337234,2.4765144561068952,5
109.34987471693049,22.345125580758967,4
124.7740126459871,55.41809049500102,4
165.55319942748747,26.4365926763152,5
146.31158929999805,31.7529910302557,2
189.7619745829672,8.397030570724553,5
104.1947909021734,8.83355005264687,4
87.11345421761146,4.391507835932642,5
189.8539231009851,50.5117096123488,2
87.35649632220927,24.90544723052662,2
128.90259243541826,35.198698786477536,2
47.851606378361765,57.40236890916429,1
160.58518349362234,53.47543630847147,3
13.00218481296463,44.36187238948166,3
195.2689536465537,17.00683947103258,4
97.32401176515864,6.592300228953132,5
59.695380542217386,25.42107384359913,1
165.9083936082578,5.091310623516527,1
126.86671645088866,26.749630305799844,5
41.06711929716671,19.08210909632136,4
75.57806677530372,2.923408455798242,2
15.773962885477022,49.957270396345365,3
140.30254091119323,6.274748337007323,3
133.54676723045583,36.03540213941999,1
155.89153940721286,35.94481408854155,4
137.31265871132237,46.14947709259502,4
106.80482407459486,46.68516143138832,1
172.2121284186738,15.025111643265484,3
40.48937734447074,38.7484262913269,5
58.02165312180848,18.53291879807179,4
140.86525325622827,29.80595542758281,2
92.090775226451,20.13890505167676,3
57.337595715147295,41.12402999720587,3
27.465242149949358,29.431007431833763,4
128.32894508090777,28.712434106432955,2
104.79813645627075,46.85168323676472,5
167.8143185314717,16.419927964037715,3
109.31002140161782,14.908632082900697,1
93.91517770749668,54.39146588408843,4
159.15599401116086,47.2977797640001,4
11.001213434477258,22.71246993846369,5
147.20968069763043,52.76434459364178,5
36.76768544980207,40.70653053030596,4
62.25070163595127,13.301011219744748,3
137.45706687314652,37.56982465842933,5
61.05023120176869,11.55978294305806,5
86.08839503145789,6.9615734766237285,4
161.16528071415567,26.625160048234665,1
186.5307843341976,20.21265209763888,4
51.90450267237212,5.048867087682525,5
182.4289298714216,14.469958961030317,3
96.8546919842176,2.310168906525132,3
168.97827497722193,34.121087135403826,5
174.86466125346527,28.604437101087345,3
199.15108386681337,37.43366750044393,1
164.64416387229207,57.14512614153704,3
10.98233285577586,21.8881690602413,4
122.98955267810727,4.453891760714228,3
61.54273177424128,2.4664165686585093,1
97.29090533691924,28.226622754531952,4
36.187643170821104,32.285538513260136,3
120.44665928643184,41.38971443515289,5
88.80283941411918,23.01095568669073,2
184.02815592607936,16.532615617248975,1
97.28416134403123,34.34458888181486,5
34.8916606316771,13.688598385020818,3
176.44749876102907,27.16287042050955,4
160.7755979777342,58.894075091264384,4
153.468922576381,19.44417985162461,3
57.25128870528998,12.699771420458363,4
81.4998133360547,14.14031475677907,1
79.90099557776625,55.98190250047499,1
74.40938980747987,13.332045972250445,1
136.3962190494152,4.401234833424821,1
87.81443523716717,48.31864019372804,5
117.68876200959916,46.28385647251803,2
99.7227547310138,36.45626302447613,3
90.38420386243762,45.20630914994164,3
106.73340403514884,43.68854346597047,5
32.24633612163974,27.565439032002708,3
120.99467419360212,20.6229730357046,5
68.14488394108396,14.711646700285002,2
155.10862414970754,1.7871813416047888,2
193.94332885486088,52.34919507027615,4
86.5020629283075,16.88515448274197,5
186.42749207667853,54.90110666285192,4
26.535667768835932,19.8420910314868,2
94.08404036514948,5.132718975246333,3
87.89740433190363,5.62711405499337,3
190.6646284779587,55.46210638904709,3
79.78008201556801,29.112741124033267,5
65.77120683160213,10.567379937320666,2
110.14738808998628,23.051373964925585,4
149.25218270743568,57.4117909858019,3
192.38638629445916,40.1067234303811,5
137.18851104713676,30.412095211074018,5
64.96301667694021,34.96456622963807,1
144.57860393253458,35.349421840818906,5
47.189129602666746,54.15838010267839,3
97.69569406882944,34.665391271315336,5
102.79698832119564,59.19240224689106,3
80.95954533132698,0.690769309669319,2
130.934934052053,24.373219142969724,2
67.68837957765587,26.30350713354973,1
162.25550865054805,49.40506212172756,2
88.0392886424122,15.259193610653067,3
80.80880669366418,0.7490891523254795,1
21.063003136861447,31.82099608961547,4
116.09047349176804,21.46968809543112,2
154.98552748632525,24.659748565561777,5
25.099957374675988,17.153684921199034,2
60.69667294034403,12.331925385171338,4
168.7289377421239,4.284510288500556,4
121.36654042836255,10.95986923034247,2
119.97633956856282,8.040690053338936,3
191.48879894980664,18.201694175837183,2
140.49026112307524,49.38874043329187,5
150.47457617410856,21.793923509627355,5
148.6314371711035,17.34865618342172,2
44.02953298868138,9.48460968718372,1
98.29820750908524,54.57348704027227,1
82.82803303792087,45.2314058824096,3
61.05553544335234,10.885754686122148,1
192.3752544354358,51.92140470927689,4
41.609206649371984,32.32850033733179,4
148.63018818327575,44.38504172359715,4
169.0919356280294,49.39164665566668,5
130.45904008490663,1.945448695746164,4
81.66503074104037,50.94914631315407,2
86.428885561217,22.19776544281923,4
63.18346313438297,4.359897746979762,4
90.96795774669148,2.673545138633533,5
103.53424056625164,38.37096866962934,1
86.87444634249637,49.46384216132952,2
15.99256701210104,47.8897555946486,1
43.849076099752345,59.7074067773838,2
190.0134680630213,51.97772381598615,3
125.82095615906884,3.6699096990728655,5
105.3237203428924,17.525024114690993,3
101.31205300968622,55.700436575943,3
59.40304677349162,50.06492049129181,2
128.94310105875724,24.09705188821825,3
128.62678401718696,18.134661489276755,1
163.01525406570653,7.206274653901414,1
190.99191078029605,37.86395214445989,5
150.08860448028588,3.925785195859719,3
196.3636260144152,24.228037825379342,2
171.11949819595057,39.40216309244307,4
