AverageSpend,WaitTime,ServiceRating,satisfaction,satisfaction_category
156.13080832081667,4.710545698906536,5,4.222222222222222,High
160.89561479129142,47.94503979147573,5,4.222222222222222,High
154.22097110338623,50.02531891853573,5,4.222222222222222,High
161.78224322513424,49.37185458054247,4,4.222222222222222,High
173.8723104623021,55.6601747736366,3,4.222222222222222,High
154.4626494649179,42.90587508712201,5,4.222222222222222,High
170.14540938305623,48.38887363368436,1,4.222222222222222,High
191.48879894980664,18.201694175837183,2,4.222222222222222,High
184.2614209120665,57.54125311240168,4,4.222222222222222,High
198.489279119201,52.72098723679412,5,4.222222222222222,High
168.33818903482324,3.381267677858253,2,4.222222222222222,High
178.08296444604133,56.57220739739039,5,4.222222222222222,High
185.28901044774884,56.905042702480216,3,4.222222222222222,High
187.64583251054344,3.682724780998079,1,4.222222222222222,High
156.67173066357182,17.836599573670306,3,4.222222222222222,High
151.41170305079248,41.80406928788184,1,4.222222222222222,High
184.4537882431129,19.733585247696897,2,4.222222222222222,High
188.8233927541393,52.94917079053159,5,4.222222222222222,High
162.25550865054805,49.40506212172756,2,4.222222222222222,High
168.7289377421239,4.284510288500556,4,4.222222222222222,High
154.49979122887007,43.328558132386746,4,4.222222222222222,High
196.4614879909696,52.06887782914677,1,4.222222222222222,High
198.9714685355353,16.78952188776945,3,4.222222222222222,High
185.5522469656781,44.57314397624751,1,4.222222222222222,High
158.63869643815414,17.19321849537098,2,4.222222222222222,High
173.24258041492422,10.942907106584588,5,4.222222222222222,High
197.21686201105783,12.825703842954306,3,4.222222222222222,High
173.1934313676002,9.2638215003383,3,4.222222222222222,High
181.30290545256943,15.996512751727751,5,4.222222222222222,High
162.95492877688537,4.228618028577989,1,4.222222222222222,High
183.75524402356484,40.30123743596287,4,4.222222222222222,High
176.50776771022967,45.74091051544299,1,4.222222222222222,High
168.2262955477346,56.218054253012696,3,4.222222222222222,High
179.04468463213442,4.8893989721825,4,4.222222222222222,High
166.76796041805378,48.008018135941015,3,4.222222222222222,High
176.5884627116285,6.657771391379339,2,4.222222222222222,High
176.91873066127036,6.398380411365876,2,4.222222222222222,High
161.23680941658296,50.91130012011234,5,4.222222222222222,High
190.4683987037461,45.46389200875988,3,4.222222222222222,High
180.7056067071273,13.81907211710084,4,4.222222222222222,High
175.60797172200816,15.952505407965209,5,4.222222222222222,High
198.88872483744456,40.3957831661206,3,4.222222222222222,High
189.3373793692428,50.07847330716494,5,4.222222222222222,High
159.6555008329881,8.914508225699729,5,4.222222222222222,High
186.0016661122389,40.37846581046714,3,4.222222222222222,High
156.1174690546518,11.52363816782201,5,4.222222222222222,High
171.01175179528457,13.507336711468366,2,4.222222222222222,High
150.1839663227358,15.22211186381494,5,4.222222222222222,High
192.24006601165647,19.52026168737512,1,4.222222222222222,High
152.50187032746,52.244510031400026,3,4.222222222222222,High
169.6932943511229,4.906903312295084,2,4.222222222222222,High
193.4079693494093,9.304219705782948,3,4.222222222222222,High
186.92317363786648,19.37037724576998,5,4.222222222222222,High
163.03256142092857,5.275563182730735,1,4.222222222222222,High
156.57272629812334,51.75270965958824,4,4.222222222222222,High
199.92421535857147,59.510085298230685,5,4.222222222222222,High
155.10862414970754,1.7871813416047888,2,4.222222222222222,High
193.94332885486088,52.34919507027615,4,4.222222222222222,High
186.42749207667853,54.90110666285192,4,4.222222222222222,High
190.6646284779587,55.46210638904709,3,4.222222222222222,High
192.3863862944592,40.1067234303811,5,4.222222222222222,High
175.6719507782355,55.396910337971136,1,4.222222222222222,High
164.37473879392766,19.42665601928384,4,4.222222222222222,High
168.19162684441366,16.65055523537167,2,4.222222222222222,High
174.67755856658786,59.00026710359937,5,4.222222222222222,High
186.6311748100833,6.340382658491588,4,4.222222222222222,High
176.5760636160017,15.804442301945508,1,4.222222222222222,High
184.25312646011184,52.95483333701493,4,4.222222222222222,High
162.5509015372461,49.57074116139822,4,4.222222222222222,High
160.7755979777342,58.894075091264384,4,4.222222222222222,High
153.468922576381,19.44417985162461,3,4.222222222222222,High
180.16039006571933,9.303960506044922,4,4.222222222222222,High
171.52105919822188,17.705528542396085,5,4.222222222222222,High
150.2630044370998,59.97076205449223,4,4.222222222222222,High
156.13058358815852,17.49933493348158,5,4.222222222222222,High
150.02543738745138,8.019213181970159,3,4.222222222222222,High
157.79498012102556,53.09621353085749,1,4.222222222222222,High
182.91249695992715,42.53974048856039,3,4.222222222222222,High
169.23779539028496,57.05324946891244,3,4.222222222222222,High
197.72393072909568,7.582249870808515,3,4.222222222222222,High
180.3932781800881,41.83867263046258,4,4.222222222222222,High
192.27871231785767,1.7609426572039943,1,4.222222222222222,High
164.64416387229207,57.14512614153704,3,4.222222222222222,High
184.02815592607936,16.532615617248975,1,4.222222222222222,High
163.887318992035,9.412060949855972,3,4.222222222222222,High
178.58696459159393,47.58910845730353,2,4.222222222222222,High
163.0435235626266,5.5382424682859455,1,4.222222222222222,High
188.6300494204889,55.35583361022382,4,4.222222222222222,High
167.89015925797418,7.331572874095766,4,4.222222222222222,High
195.74497066492685,59.48946845343411,3,4.222222222222222,High
183.70698868021884,19.53842039435904,1,4.222222222222222,High
171.09547026445418,2.9741280043373286,5,4.222222222222222,High
189.1319602316872,57.43355058474199,2,4.222222222222222,High
153.9636998994551,11.645289297717218,1,4.222222222222222,High
179.22671097370798,53.07767957909005,1,4.222222222222222,High
170.52104612320568,0.7901403424143827,4,4.222222222222222,High
152.44996861780493,16.698340437865237,2,4.222222222222222,High
168.76792613447665,13.869249608264116,5,4.222222222222222,High
181.2632909578462,50.81000251264156,3,4.222222222222222,High
176.78397933412256,43.65004405085768,3,4.222222222222222,High
167.0862907790414,0.8387493070477969,5,4.222222222222222,High
170.00275538261735,40.30622708688748,2,4.222222222222222,High
177.6250712885947,46.09175074628937,1,4.222222222222222,High
194.61507364160272,0.0204940339325276,4,4.222222222222222,High
182.4289298714216,14.469958961030317,3,4.222222222222222,High
153.05342078846027,40.86118501614897,1,4.222222222222222,High
189.23895697660265,7.180355695929272,5,4.222222222222222,High
150.64589337455803,6.357974098708167,3,4.222222222222222,High
166.26489220551687,56.05735046292452,1,4.222222222222222,High
152.10402288989147,42.29117540968138,3,4.222222222222222,High
187.36948283263715,13.842779240091748,4,4.222222222222222,High
185.97282158434064,8.998183785935797,2,4.222222222222222,High
194.16530297447468,56.53651310178938,5,4.222222222222222,High
188.6663473401308,40.09550564763615,4,4.222222222222222,High
162.3817319142283,6.089911053138726,2,4.222222222222222,High
166.9688745964335,3.956950223363871,4,4.222222222222222,High
197.77694943493435,17.035477208686682,3,4.222222222222222,High
161.04491346608322,47.513441148109486,2,4.222222222222222,High
167.8143185314717,16.419927964037715,3,4.222222222222222,High
159.15599401116086,47.2977797640001,4,4.222222222222222,High
175.31373927611426,44.62754248091085,1,4.222222222222222,High
156.26111540181313,49.36253676902509,3,4.222222222222222,High
182.7114284691665,2.080186860877189,1,4.222222222222222,High
189.79294657417745,43.59121366077667,3,4.222222222222222,High
182.21695940607364,43.06973662099151,5,4.222222222222222,High
177.26756568384457,2.4618572190836785,1,4.222222222222222,High
199.79665018579988,58.680533205399655,3,4.222222222222222,High
160.77189321161276,3.1058381233698773,5,4.222222222222222,High
155.9310526627238,43.0460187218084,2,4.222222222222222,High
187.9768523616427,57.48473800726117,5,4.222222222222222,High
174.28307608685222,49.0028273356464,3,4.222222222222222,High
172.2121284186738,15.025111643265484,3,4.222222222222222,High
197.52039216896063,51.51607010754032,1,4.222222222222222,High
154.93974170365198,0.001380296669815,2,4.222222222222222,High
159.32115303664062,54.10296267833252,1,4.222222222222222,High
152.01270762418065,48.531310484317856,3,4.222222222222222,High
193.7564628834575,59.205748234633,4,4.222222222222222,High
172.68840534493273,51.309567442728266,2,4.222222222222222,High
191.29020011401389,44.07254533905591,5,4.222222222222222,High
173.78543555591506,46.36396948305728,5,4.222222222222222,High
153.22984378487956,0.0920334760771135,5,4.222222222222222,High
161.3607093012393,57.60193300637651,2,4.222222222222222,High
186.0119951130392,48.25950991118505,1,4.222222222222222,High
161.14438446229394,13.911533282471042,5,4.222222222222222,High
182.1588160665596,15.319547781406271,4,4.222222222222222,High
188.3332915729802,50.93668576449252,3,4.222222222222222,High
168.5482377453084,19.542025543912924,2,4.222222222222222,High
191.139417319873,49.26764525312597,4,4.222222222222222,High
172.7751955413261,58.99201836255528,1,4.222222222222222,High
176.61044905704867,54.25606515142513,5,4.222222222222222,High
199.9735265228343,6.168722560922801,5,4.222222222222222,High
168.29056314968932,12.75702476072659,1,4.222222222222222,High
161.29108141657406,7.583096137113914,3,4.222222222222222,High
165.9083936082578,5.091310623516527,1,4.222222222222222,High
197.28846854334893,56.0455693787016,5,4.222222222222222,High
195.4952072501588,10.185275851948902,4,4.222222222222222,High
157.80792980334434,45.93084337996321,3,4.222222222222222,High
172.8190355678489,43.30699210225019,4,4.222222222222222,High
150.5816281517009,1.3740790404141157,4,4.222222222222222,High
173.4417600904705,43.61747306069342,3,4.222222222222222,High
191.5995109700736,3.016303939904865,1,4.222222222222222,High
152.31006335756317,12.220101872103273,1,4.222222222222222,High
192.50752885699288,52.43018094062733,3,4.222222222222222,High
171.6511615768452,2.130986242064408,1,4.222222222222222,High
168.90950043757067,46.66917124903171,4,4.222222222222222,High
189.7619745829672,8.397030570724553,5,4.222222222222222,High
189.8539231009851,50.5117096123488,2,4.222222222222222,High
160.58518349362234,53.47543630847147,3,4.222222222222222,High
195.2689536465537,17.00683947103258,4,4.222222222222222,High
199.7501521759893,11.8628119046728,2,4.222222222222222,High
194.93351983684263,8.55595343703207,5,4.222222222222222,High
183.11520692505675,52.91518026044061,5,4.222222222222222,High
175.46153551453088,58.43790094608447,5,4.222222222222222,High
189.6222389485968,12.221203389731969,5,4.222222222222222,High
186.769294061042,56.37740242061348,3,4.222222222222222,High
176.12673062604756,59.66843089958084,4,4.222222222222222,High
162.46693512750406,48.96997119626625,5,4.222222222222222,High
167.78174060666433,43.57298839236325,1,4.222222222222222,High
151.72694681492106,57.24799219943493,2,4.222222222222222,High
161.24861370972803,47.41376468698968,4,4.222222222222222,High
185.69791414455457,44.67067298172747,4,4.222222222222222,High
171.29351836014737,49.16746301797055,4,4.222222222222222,High
175.03210146489857,49.429604235919015,4,4.222222222222222,High
198.4449157190955,3.233575570667917,1,4.222222222222222,High
158.68347022185887,8.102969190086826,1,4.222222222222222,High
176.97585538917426,57.58370681893139,2,4.222222222222222,High
165.71957046805645,45.08185905563976,1,4.222222222222222,High
162.97029138365892,49.34783381255969,4,4.222222222222222,High
162.5853412343783,6.507093919774054,5,4.222222222222222,High
186.8367561404457,46.666149160936,3,4.222222222222222,High
161.09096320148407,51.7077762464176,5,4.222222222222222,High
195.87542268680468,47.95934719584741,2,4.222222222222222,High
153.7706146764834,57.9171810012558,1,4.222222222222222,High
196.52881811977332,42.66816253981653,5,4.222222222222222,High
179.3577899206674,14.122936133441774,2,4.222222222222222,High
171.19684372354428,4.11949370909344,1,4.222222222222222,High
191.41182258182457,53.79366291821155,2,4.222222222222222,High
185.40145786385608,19.28773737703316,4,4.222222222222222,High
164.09565425797908,8.492395624132671,4,4.222222222222222,High
166.93114393903252,56.319628487565474,4,4.222222222222222,High
180.9215511141612,2.746688416056451,2,4.222222222222222,High
183.58164821906905,7.705847530002243,4,4.222222222222222,High
154.68042956733214,13.362079457238483,5,4.222222222222222,High
160.0793395639832,0.4268353913937273,5,4.222222222222222,High
167.18442782004217,48.62133553025409,3,4.222222222222222,High
180.63215151306244,15.644211920318275,4,4.222222222222222,High
185.92193382644493,50.25718824153369,2,4.222222222222222,High
168.47896337379473,44.282349437078274,3,4.222222222222222,High
169.6905015151832,16.6324537070211,4,4.222222222222222,High
177.8478650682053,17.397187511155526,1,4.222222222222222,High
154.41550917302246,48.82977393513205,1,4.222222222222222,High
152.77420124096685,2.541497539615214,1,4.222222222222222,High
198.9602709736135,44.27713943520072,5,4.222222222222222,High
194.8845103751251,43.19960750266653,5,4.222222222222222,High
156.32857245809467,6.669285171474613,4,4.222222222222222,High
191.146100968778,40.745820930163646,2,4.222222222222222,High
180.83422899334732,8.019735830998915,5,4.222222222222222,High
170.20873526214572,47.71953517187087,1,4.222222222222222,High
196.8790017926896,45.21649330766305,2,4.222222222222222,High
166.16510765255657,5.0247983178935645,3,4.222222222222222,High
161.58195312492498,44.84386248006663,1,4.222222222222222,High
153.14847488737627,15.23986014663569,4,4.222222222222222,High
169.08434241107102,19.912926858232016,4,4.222222222222222,High
152.1367953967516,14.722728334475688,5,4.222222222222222,High
188.75893114541825,59.49877280332748,5,4.222222222222222,High
162.82966479251388,43.67959338064105,3,4.222222222222222,High
152.50763980673295,56.590525796577246,5,4.222222222222222,High
164.95746658073307,9.708082083897764,3,4.222222222222222,High
190.88442218410168,46.52570530486041,1,4.222222222222222,High
154.72946050731346,12.74638265093821,4,4.222222222222222,High
152.85554113796354,41.481402199584295,1,4.222222222222222,High
178.64811905903645,1.3915760117684028,1,4.222222222222222,High
197.68952072475253,51.176057302512575,2,4.222222222222222,High
186.80800253074213,14.206976990754884,2,4.222222222222222,High
197.37053413565985,40.37442514501375,1,4.222222222222222,High
169.65781016129918,12.328760225804682,4,4.222222222222222,High
190.0134680630213,51.97772381598615,3,4.222222222222222,High
163.01525406570653,7.206274653901414,1,4.222222222222222,High
192.3752544354358,51.92140470927689,4,4.222222222222222,High
169.0919356280294,49.39164665566668,5,4.222222222222222,High
160.979098005899,56.447209596819285,4,4.222222222222222,High
150.08860448028588,3.925785195859719,3,4.222222222222222,High
164.10370374755334,39.93521402617132,3,4.221020413730137,High
197.35285252487648,29.873383719318333,1,4.21986959267651,High
190.3428002637133,30.15292024751687,4,4.2193788764003965,High
149.9074413558558,6.656397823593194,3,4.219210771507474,High
186.5307843341976,20.21265209763888,4,4.2182620462774505,High
179.1863922059993,29.749041391584505,3,4.217543997253456,High
149.85298503589567,10.207720349581692,2,4.217443913485512,High
184.237036158592,30.25877486579941,4,4.21739730902973,High
180.13548505747954,29.7223988858021,3,4.217043754265559,High
149.79827689026806,3.717592130510321,4,4.215672528826772,High
149.77980520014407,56.01931507814416,3,4.215075259492696,High
190.0271054295437,30.480202435131545,1,4.213217504799398,High
164.85225727922943,20.48668881215928,2,4.213094362897591,High
171.40968079304494,29.46409709536152,3,4.212158760173086,High
171.11949819595057,39.40216309244307,4,4.210978118640104,High
162.42137139186585,30.613793359312066,4,4.21067336309053,High
163.96691003946844,30.62258239097789,3,4.2105053984753,High
197.57813740950488,30.62340741217388,5,4.210489628052552,High
167.34391002167646,30.64903673026972,4,4.209999404678805,High
166.92260747400317,20.670134181945617,5,4.209595407717797,High
178.38055175590833,39.30977559462188,4,4.209210315823655,High
184.39402633563884,20.708185531036285,1,4.208865719477082,High
184.7513315802363,20.736667690106493,5,4.208318661118359,High
171.97542283113074,30.750022077290588,1,4.2080619060242554,High
181.83020709907927,39.24312122680036,5,4.207930013754475,High
195.78371542453627,20.78823159154013,1,4.207326376717823,High
153.20785721736237,39.00788541146614,1,4.203379220024608,High
156.21083394580498,31.09656622786086,5,4.201342573595815,High
156.60879479813556,31.102831588367867,1,4.201220100138448,High
149.34515369349666,4.311842770029102,5,4.2011392866348904,High
177.45967599772953,31.11282775807394,5,4.201024625875768,High
178.09542825350078,21.16221310420535,3,4.200057602919009,High
153.40154014573056,21.246883321995085,5,4.198394665312074,High
149.25218270743568,57.4117909858019,3,4.198187429714166,High
149.17051849163366,54.00283230965103,1,4.195602868167995,High
174.86466125346527,28.604437101087345,3,4.195459440981948,High
184.83505605134727,38.54786595790443,3,4.194337598902307,High
193.5060942932996,28.505867948818768,2,4.193502976580641,High
191.3734695333004,38.4871092865124,2,4.193129700703741,High
173.95151826472514,21.52934733090408,5,4.192801985949203,High
197.4495946264295,31.54489057949783,3,4.192492248301742,High
165.26821886282295,31.562839769941824,1,4.192134310981027,High
165.16616183385608,31.57026939907849,1,4.191986071584215,High
185.054820047765,28.41809886310994,5,4.191753895832859,High
173.10767586974072,21.62589992415113,2,4.190874621359352,High
191.3211674565433,38.37083219224377,3,4.19080925058063,High
181.98862242701608,31.670625003960943,1,4.189979160009163,High
180.7785169708509,31.70068087154305,2,4.189376453866021,High
186.9769765554202,21.701727256385,1,4.189355457222241,High
189.62389280240868,38.27638787574266,2,4.188916107974835,High
150.47457617410856,21.793923509627355,5,4.187501869962854,High
159.33144494300697,28.169930440268672,4,4.186773232854073,High
160.99813267816697,38.11511955301146,1,4.185666287323808,High
148.83810507421902,3.447562006363268,4,4.185161506736772,High
149.27156967594365,29.077455237194847,1,4.183272976745884,High
181.64799547325148,37.96975372209306,3,4.182718583916602,High
186.19161022331605,32.04058838871092,3,4.182508212200997,High
148.74364272844716,19.533146050369787,2,4.182217230021515,High
148.73386433415632,45.56239019980625,1,4.181913020577113,High
193.1186807511954,37.92817944655497,2,4.181872384167972,High
190.99191078029605,37.86395214445989,5,4.1805623618124645,High
158.0323675513539,27.85747132410039,2,4.180429990297563,High
176.27064547453443,27.84380221151995,1,4.180150686507691,High
153.63769579420108,37.82694814325005,5,4.1798060975927855,High
198.6054922005622,32.20803586178973,3,4.179090108399983,High
181.9646724565334,27.785756906562952,2,4.1789629679095075,High
148.6314371711035,17.34865618342172,2,4.1787328800392185,High
148.63018818327575,44.38504172359715,4,4.178694173649746,High
176.71981396729058,27.713805825731995,2,4.177486981511823,High
161.8451992380163,27.601757493398843,5,4.175180292345414,High
175.54604089673737,32.42438990353504,5,4.1746405869837355,High
148.49501448676924,0.6743346972195052,1,4.17451529785098,High
177.499948130957,37.562005148361976,2,4.174359557224027,High
192.33446249948867,27.536980013121447,5,4.1738422495749345,High
187.99589129527632,22.48580328008726,1,4.173370859669649,High
178.9922404097371,22.494627443608657,2,4.173188177824675,High
199.15108386681337,37.43366750044393,1,4.171701467569765,High
198.8356049041964,37.35023525174003,1,4.169966614440565,High
169.68194702010257,37.28711078236816,5,4.168650485965361,High
152.58192308353804,22.77660595408604,3,4.167318930728969,High
164.56321689154282,32.82539470509944,4,4.166297261800543,High
176.44749876102907,27.16287042050955,4,4.16605125767595,High
169.79980748113164,32.84283636908177,5,4.16593158586197,High
190.9125618456231,37.06861886035063,2,4.164071662153331,High
148.13437662594933,56.65084476462496,4,4.163463715308927,High
178.15067546094747,32.96491819382168,4,4.163365669746056,High
148.0961552646249,44.35447262722069,3,4.162300635629809,High
192.3188812191898,26.950636277978948,1,4.1615842945501385,High
148.06410825753284,19.77570596767468,5,4.161326639321205,High
173.27401268790632,26.92385026039013,5,4.161018142116727,High
148.05138359296944,6.76253821687501,2,4.160940204137279,High
183.2444705191483,26.868774547174155,2,4.159852395500779,High
190.80678177280612,26.843382139033192,2,4.159314183505945,High
184.375578941634,36.78206426299735,4,4.158012560311997,High
198.28125553097908,33.24380897224186,2,4.157462515562231,High
150.23307980385354,23.24928344539999,5,4.1573460702245235,High
167.73327473872823,26.678847912121995,4,4.155815368687955,High
147.87858242993383,11.939401838620762,5,4.155709318508738,High
161.16528071415567,26.625160048234665,1,4.154669461592553,High
148.7364950664031,31.555532962067726,2,4.15442489445091,High
164.38234696198506,33.41491345361922,4,4.153812789591806,High
147.8134647339018,49.65539248980175,2,4.153746251649323,High
163.33338212074094,36.581379118792405,1,4.153733475922866,High
156.86960403596163,33.47260399606444,2,4.152577494462722,High
187.67869038745988,23.549890218472274,2,4.150918901435966,High
165.55319942748747,26.4365926763152,5,4.150628384802113,High
198.8131001163703,26.42327403755311,1,4.150342007669701,High
174.77001229160354,26.337337634742223,3,4.148491206784161,High
160.3178974147708,26.336665845080343,4,4.148476718150916,High
148.56774606047935,28.369105415462293,4,4.14790508819389,High
153.66705091450518,33.84525615813311,3,4.144541618881833,High
170.9255873391458,33.857176718030686,3,4.144282970201637,High
175.45405260073858,36.03040190876665,5,4.141838897331598,High
147.36221965252585,42.33410389191695,1,4.140262758124237,High
155.89153940721286,35.94481408854155,4,4.1399724244453555,High
147.34467973396696,6.268095393155644,2,4.1397428281382025,High
160.0137441295166,25.88195059962413,5,4.1385983642339,High
168.97827497722193,34.121087135403826,5,4.138531898574078,High
161.31027010194128,34.1436958893122,1,4.138037024406248,High
157.35696299965974,25.854135222021355,2,4.137989532438777,High
171.93537319325506,24.14786096935921,1,4.137945819224302,High
164.5893049651675,34.187214643405106,3,4.137083496040358,High
196.3636260144152,24.228037825379342,2,4.136187880636342,High
147.20968069763043,52.76434459364178,5,4.1357513868425535,High
169.87213987320945,35.75012693965368,5,4.135708384594393,High
154.50568630010832,24.2654783646157,3,4.13536550226455,High
172.31768274426017,35.67017698720009,5,4.133950008518243,High
192.01887680254208,35.601365675621686,2,4.132433235137442,High
193.15874053878272,34.47893055777816,3,4.130659384629444,High
164.05184941535802,24.502044118271023,2,4.130147996557971,High
191.7069482803628,35.414863500313096,5,4.1283067156932916,High
164.58757609969484,35.39887749432611,2,4.127951963224374,High
155.15494658675834,24.605249021254856,5,4.127860363185705,High
148.70300833124838,37.317387444850254,1,4.1275579085341985,High
161.18060367418758,34.620110650025,3,4.127530375259099,High
150.42720623537676,35.36940274806766,2,4.127297445097431,High
196.05940660108536,35.36081999858178,4,4.127106751078644,High
154.98552748632525,24.659748565561777,5,4.126649560465435,High
156.60651112189112,25.191814402329,1,4.1233421517286795,High
180.89909370536955,35.149137044594696,3,4.122388647111895,High
157.19163953448464,24.85186704250452,5,4.122366199799071,High
157.16585843191748,24.87905196096317,2,4.12175821416169,High
197.1790461534644,25.10452466109743,4,4.121390683255238,High
146.6904716159651,12.90779037947063,4,4.120567025548638,High
148.0846271884079,37.78904074149977,2,4.120538311239644,High
196.0137588537852,25.061243833862108,4,4.120421312147709,High
174.69421118930478,35.061019634383435,1,4.120416287645015,High
182.8868550655825,34.95196555399496,4,4.120125224829405,High
146.45272938499028,5.359746295306276,2,4.113700558572993,High
146.1108145544668,46.68836472845209,3,4.103917789338649,High
145.90630080787284,48.04410474636323,1,4.098117351034301,High
146.31158929999805,31.7529910302557,2,4.084524835217566,High
145.28267212337477,9.446441156600295,2,4.0806587742489,High
145.24833317905146,48.10977170491525,5,4.079707238206047,High
145.13634222587743,41.33325707955324,5,4.076610913130083,High
145.12257685317803,7.9125655022729235,5,4.076231060009479,High
145.0080842308975,45.01169067424813,5,4.073077824358857,High
144.8767995939182,57.026979020849886,3,4.069475583477526,High
144.82386956267354,42.25347089648719,3,4.068027304313915,High
144.71107634016482,56.40331922267781,1,4.064948717722881,High
144.6592234500113,52.14505036774359,2,4.063536927749295,High
144.64830870670096,52.444341630995226,4,4.063240032356679,High
144.57308526261272,43.71939850420184,1,4.061196480091284,High
144.56806598252172,21.104130133671465,3,4.060596785069685,High
144.4566677704111,42.00528823454172,1,4.058042821073688,High
144.3684579812617,47.38544000015052,5,4.055660505204802,High
144.3465061861136,41.99392767462301,4,4.055068605898818,High
144.20027892085625,7.795941078853046,5,4.051135503174251,High
144.19021108220227,59.42668246139792,2,4.050865324963837,High
143.95748618552017,14.632573578283004,2,4.044641950021685,High
143.88275467024627,48.36955559792772,2,4.042652391079978,High
143.64830761600825,53.40166653584593,1,4.036438320618505,High
145.1114142191662,32.50820011403164,1,4.0340084105770995,High
144.8868093932331,22.35720105478122,3,4.033087888997762,High
143.38489193133017,17.14636154789338,1,4.029505531427757,High
143.34070635305335,43.95543940858408,1,4.028347634660043,High
143.15259488617747,54.843938689802975,1,4.02343402702525,High
145.02450059069025,32.84216712074896,3,4.021759082934979,High
143.00441781853698,53.565455280599565,4,4.019581494777248,High
142.9423743368122,15.756474493596818,5,4.017973044870047,High
142.93147298193745,5.202486901117764,1,4.017690713904911,High
146.8138198899871,25.478258861067285,4,4.016413674818328,High
142.78574725528904,43.82732458014302,1,4.013924648762324,High
142.6644485190539,53.1969059660755,4,4.01080119000101,High
146.17799976489732,35.86612096997226,4,4.010469040406882,High
142.4084639624003,38.93637952886286,3,4.004242851531462,High
142.39635621914798,15.0123019437855,5,4.003933757804142,High
145.26080640723066,36.31157072801871,1,4.00027260492057,High
143.77762376310963,27.34167861893729,3,3.9981926188260433,Medium
145.90348213083664,35.731410549736296,1,3.997785121961102,Medium
142.15270693147232,54.5051281585103,5,3.997734695036983,Medium
144.99399837443818,33.61245850693695,5,3.995898976896074,Medium
141.98041407524323,7.047392870261932,1,3.99337494859926,Medium
141.4975225664942,45.31012910275592,3,3.9812583382122053,Medium
141.324316423645,4.935800613403876,1,3.9769483034479824,Medium
142.71068196753276,22.64363767161351,4,3.9753968742577497,Medium
141.23893476315675,47.77061152632037,2,3.9748305328309157,Medium
141.18643071469646,12.29116345345587,3,3.973530472195604,Medium
143.43494232943772,23.25326818009944,4,3.9705041711127858,Medium
140.86525325622827,29.80595542758281,2,3.9656142022016834,Medium
140.8388472280615,10.129259207354144,5,3.9649661118581943,Medium
140.7383353882083,57.37497411872703,4,3.962503004489346,Medium
140.70717633381668,44.77127297714085,5,3.9617406426732558,Medium
140.51853333045108,12.809127215550635,1,3.9571372809420815,Medium
140.49026112307524,49.38874043329187,5,3.9564491489227094,Medium
140.30254091119323,6.274748337007323,3,3.951891764385871,Medium
143.68316219333403,33.967476988171,1,3.950080025445296,Medium
140.16681550400773,21.71101441381181,2,3.948609155746022,Medium
140.13573003848268,55.9270550297639,2,3.947858790997306,Medium
144.21140399701935,24.37742776254865,2,3.9471886846987068,Medium
144.57860393253458,35.349421840818906,5,3.9458029981775233,Medium
143.76103066574512,24.19684092837622,5,3.9429798262919262,Medium
139.79824038243697,10.507310427403198,5,3.9397466637937235,Medium
139.334276188942,1.2390449493846245,1,3.928695006190805,Medium
139.27765547791014,21.38462696783084,2,3.9273540607526365,Medium
140.8900060528823,27.00321650083249,3,3.9263172038591225,Medium
138.88606616154448,42.10170815795832,1,3.918125034568596,Medium
138.85239425981095,55.1995000056825,5,3.9173350653882966,Medium
138.7091002885181,49.125116236390944,1,3.91397956542996,Medium
137.91738737365029,1.904982771435535,3,3.8956181972105823,Medium
137.89271815726852,16.353716952620417,1,3.8950507684396487,Medium
137.83290706269133,22.121710033699053,3,3.893676169617666,Medium
137.7476553926175,20.88785893260521,2,3.891719674999944,Medium
137.65176541020284,46.94965327974454,5,3.8895229199282486,Medium
141.28071971605854,25.874070415671543,4,3.8890910363348103,Medium
137.45706687314652,37.56982465842933,5,3.885075044578549,Medium
139.29647455084765,33.313420926683335,3,3.8846288176898938,Medium
137.4371604065399,11.570682041096871,5,3.884621216466888,Medium
137.35249357916632,3.9622289848694026,5,3.882692895946499,Medium
137.31265871132237,46.14947709259502,4,3.8817867089852207,Medium
137.18851104713676,30.412095211074018,5,3.878966871684026,Medium
137.0001440429446,15.58497656468562,2,3.874700801162675,Medium
136.86919726235686,38.8960775319044,4,3.871743849374894,Medium
136.8489274988425,17.524121602930375,5,3.871286760416714,Medium
136.3962190494152,4.401234833424821,1,3.861121076213978,Medium
136.37568242318196,57.318244049080064,4,3.8606618393381207,Medium
136.3716092239128,13.641005727590818,4,3.8605707745269315,Medium
136.1746629072999,54.4785385596646,5,3.8561752485691274,Medium
136.1096947240712,42.81756203714195,5,3.8547285046891844,Medium
136.09440257285723,39.97009356927334,3,3.8543882028623444,Medium
136.01982327282818,53.43051036965515,2,3.8527298188864876,Medium
137.440806491426,36.67054547250982,4,3.8526823420388414,Medium
135.87259729519604,41.22063514582087,5,3.8494620925705307,Medium
135.7284503445674,41.46595883893675,2,3.8462704010349147,Medium
135.65412177929394,32.28980108065386,4,3.8446275566416475,Medium
135.6493959128814,57.09383832733932,5,3.84452317025549,Medium
135.4879642349166,37.39453246105086,3,3.8409621761603576,Medium
135.31403352677717,29.115145733975417,5,3.8371356771394045,Medium
135.0928453927554,58.75510618949439,2,3.832284466258657,Medium
135.03561567563656,41.94581409278226,4,3.8310319520288414,Medium
135.0003798792856,57.85191092022459,2,3.83026133117816,Medium
134.93915059254493,1.981344350030925,5,3.828923195652039,Medium
134.89200695724782,32.19485338101179,4,3.827893731828265,Medium
134.82270663232055,46.60247439806008,4,3.8263817497148547,Medium
134.78019026020772,8.110755010779936,4,3.8254549027262987,Medium
134.6425405820031,45.404303352294654,5,3.8224581336520553,Medium
134.605580787091,54.98035976202432,3,3.8216545038317427,Medium
134.55756421232414,37.80967869812381,2,3.8206111020507048,Medium
134.48572670074668,3.2903945278918467,5,3.8190514106761984,Medium
134.35953259895211,44.534005282649616,2,3.8163154104548016,Medium
134.2541013817185,6.407932128775453,3,3.8140332771477237,Medium
134.20424150002853,33.14442549889363,3,3.812955185833187,Medium
134.18519879028514,30.430459386044284,3,3.8125436315582464,Medium
136.8787532095253,35.89832121764842,5,3.809160547100702,Medium
136.6023266790903,35.76552841879925,4,3.798277093235713,Medium
137.96953595223462,35.304614306306334,4,3.79756049366159,Medium
133.45965547756077,18.42420447826515,5,3.796940507879822,Medium
133.45625658578885,18.11352901033933,3,3.7968677557809807,Medium
136.45094571835654,35.76663915917112,2,3.7959443897060265,Medium
133.3781622903457,37.73055228683874,3,3.7951970194531115,Medium
133.35814531316947,28.393705729170293,5,3.794769038973815,Medium
133.33449889834787,44.58694962621099,1,3.794263593460149,Medium
132.99491822652053,55.04547514948159,3,3.787020876457718,Medium
132.84366490107558,3.663373534822749,4,3.783804175081298,Medium
132.74031925912814,41.79393680547827,3,3.7816095126440636,Medium
132.5577278562181,1.7376453136915715,1,3.7777381457346926,Medium
134.8259099739942,25.79610596979041,4,3.7731477470487373,Medium
132.17602953048572,3.690073451489717,2,3.7696697209028396,Medium
132.16704350539163,7.651989072637349,4,3.769480157589876,Medium
133.54676723045583,36.03540213941999,1,3.767657993051291,Medium
132.07414734548942,10.693757610597352,4,3.76752148856433,Medium
135.22463075675626,25.518501198050178,5,3.7645441442257597,Medium
131.66967024590775,4.83792398174387,1,3.7590140175926527,Medium
131.66634048862474,45.49828656214398,5,3.7589441172219105,Medium
131.64020888774843,14.406382360385958,5,3.758395620547708,Medium
131.51481220796285,50.225122949069096,2,3.7557653878818584,Medium
131.30147265652244,47.70015350971512,5,3.7512972564229656,Medium
131.15537507260188,45.055052542127015,1,3.748242140056697,Medium
131.08913528864346,12.310389909719929,4,3.7468581903733904,Medium
131.7931676586348,25.8205055023933,1,3.7350470462027,Medium
130.45904008490663,1.945448695746164,4,3.733729175306642,Medium
130.33159656488266,5.919517102391147,1,3.731080971663004,Medium
133.07207960463637,34.602021281184214,1,3.7281789157709757,Medium
130.08219595514345,10.691894792308084,5,3.7259050007450605,Medium
130.03434628004422,44.6527849107915,4,3.7249128769325215,Medium
130.002526446739,18.590325277104576,3,3.72425327889875,Medium
129.9634582976081,40.78510134878977,4,3.7234436020986714,Medium
129.86177335968978,27.306529182374884,3,3.7213370842274864,Medium
130.934934052053,24.373219142969724,2,3.714850138316013,Medium
133.3777616701358,24.98721628659949,2,3.7098607652275115,Medium
129.12224055981193,58.4036426233862,4,3.7060509962141133,Medium
128.94310105875724,24.09705188821825,3,3.7023560410431924,Medium
128.9230921272936,53.91950539882883,3,3.701943497333003,Medium
128.69675764263124,30.911059865651577,4,3.6972790496166175,Medium
128.62678401718696,18.134661489276755,1,3.6958377254920616,Medium
128.57454834490346,2.799522722376322,4,3.6947619805284497,Medium
128.34448023701614,22.491714938047,4,3.6900259209897346,Medium
128.32894508090777,28.712434106432955,2,3.6897062304313226,Medium
128.02954548748906,30.9671512385177,5,3.683547316007835,Medium
128.02216427043498,0.7389085913872795,5,3.683395527344623,Medium
127.6622452129304,11.08474823230348,4,3.6759963185504656,Medium
127.64502509776707,54.32387707284988,5,3.6756423985545355,Medium
127.61433641500332,19.843985390587072,3,3.675011679041132,Medium
127.59106617400111,23.462179316006,3,3.674533437721931,Medium
127.4639976715102,23.14634855400718,4,3.6719221446606514,Medium
127.45150664928391,43.10804194465285,3,3.6716654641575244,Medium
128.90259243541826,35.198698786477536,2,3.6686792444559106,Medium
127.26102867593043,13.443036862504067,2,3.667751495427187,Medium
127.20117258067322,18.480202703142407,3,3.6665216113941717,Medium
127.01283171620106,10.206500838040276,4,3.6626516957820385,Medium
126.90192538760644,21.03531296080036,4,3.660372758558744,Medium
126.86671645088866,26.749630305799844,5,3.6596492455240055,Medium
126.83878071715262,50.71909354768908,1,3.659075178121174,Medium
126.7753118508754,0.3023577621775897,1,3.65777087354802,Medium
126.49396632377606,38.392534025347615,2,3.6519880730527805,Medium
126.3816371955224,50.24550643189125,3,3.6496786038186984,Medium
127.33324814438672,25.12585248491176,1,3.6490963623758303,Medium
125.82095615906884,3.6699096990728655,5,3.6381426545236573,Medium
125.4633244591856,53.81130740485973,4,3.630774285245098,Medium
125.21909100347288,57.12072078502787,3,3.625736309964473,Medium
125.17321260797728,40.75509813335114,3,3.624789328882398,Medium
124.79122356116706,49.38977483493064,5,3.616536919773438,Medium
124.7740126459871,55.41809049500102,4,3.6161520779364262,Medium
124.6264536960268,18.27731187604964,4,3.6128560813960835,Medium
124.22389058457571,24.25770454942905,2,3.603894625997024,Medium
124.1532335369126,32.00725420033173,1,3.6023261577523855,Medium
124.09763666589603,46.3865749326132,3,3.601092897699889,Medium
124.06108491087916,4.564990186106033,5,3.6002825258455706,Medium
123.9753334799954,22.52611768511208,5,3.598382681152394,Medium
123.9613731823586,13.189930141615742,1,3.5980735594813336,Medium
123.76636048920506,20.01029978439221,4,3.5937603502744513,Medium
123.7656421368608,50.313380841171664,1,3.5937444788493917,Medium
123.75577233883205,19.815008773740804,3,3.5935264257897304,Medium
123.57321462151498,16.834782593564416,3,3.5894972608758073,Medium
123.43232870632065,0.4876669077009099,5,3.5863929763102216,Medium
123.21469439470096,30.458217442207804,2,3.581606086592485,Medium
123.0870670234081,19.70108321740546,1,3.5788035114661167,Medium
122.98955267810727,4.453891760714228,3,3.576664400409706,Medium
122.79930687648312,47.21775983302744,5,3.5724964182457835,Medium
122.52302096969194,31.844808787080904,1,3.566455349405171,Medium
122.49081948170284,18.54300621498746,2,3.5657521314129923,Medium
122.39576637212537,10.77571359558229,5,3.5636773823756904,Medium
122.36982556072068,56.79256717402637,2,3.56311142780307,Medium
122.09984858805404,59.70885938254508,5,3.5572277140754878,Medium
122.0302340504835,34.01814136272406,4,3.555712402922935,Medium
121.97615817516036,9.568050122638038,5,3.5545358189035534,Medium
121.94165323350794,5.115625193878244,4,3.5537852815897404,Medium
121.73341050634112,15.011897579806703,1,3.549259216216875,Medium
121.644763775759,13.289351557213948,1,3.5473342906307006,Medium
121.46731412783028,2.569782992820071,3,3.543484041146868,Medium
121.37106384047831,50.18876480249667,1,3.541397221327376,Medium
121.36654042836255,10.95986923034247,2,3.541299174870602,Medium
121.3514869993556,38.47170978065992,2,3.5409729036263973,Medium
121.25783977362926,59.24801785436977,1,3.538943744919135,Medium
121.13767862366552,19.286055107363783,3,3.5363414722788034,Medium
120.99467419360212,20.6229730357046,5,3.533246421603036,Medium
119.54596017100523,34.66925592957367,2,3.5262406154748622,Medium
120.64087340665436,15.709179744904848,4,3.5255971945946496,Medium
120.44665928643184,41.38971443515289,5,3.521402543363089,Medium
120.3901910299124,54.93378361480987,1,3.5201834362459814,Medium
120.3530615844241,22.784604482019223,3,3.5193819534916284,Medium
120.27094845751628,48.32593552524729,2,3.517609751809296,Medium
120.23670672362614,7.927917127986914,5,3.5168708513016735,Medium
120.15876139173004,20.004069941446744,5,3.5151891216218902,Medium
120.02273711414338,21.88997188120216,3,3.5122550605462757,Medium
120.00446056144531,22.79358321051642,3,3.511860901662572,Medium
119.97633956856282,8.040690053338936,3,3.511254463724209,Medium
119.94013234211236,45.65139842130393,4,3.510473695183004,Medium
119.83728600160492,8.717859710892169,2,3.50825622455511,Medium
119.03046330398035,25.63840847158437,1,3.50709764062603,Medium
119.67561899240032,55.52799800222129,5,3.504771298255193,Medium
119.1174456675956,50.00307373700837,4,3.4927437023720094,Medium
119.00654840268868,46.83278358034489,3,3.4903543790527465,Medium
118.92288156780248,38.73095634516474,3,3.4885517080332753,Medium
118.87564632795625,58.08679196468722,5,3.4875339586972007,Medium
118.8235980382652,15.98731087103661,2,3.4864124746865643,Medium
118.8142359169079,20.89578123584317,3,3.4862107451829867,Medium
118.4204215021766,9.9288248670215,5,3.4777233446676075,Medium
118.4198193756179,13.986396411894034,3,3.4777103643697087,Medium
118.28308742553251,51.69310186654474,5,3.4747624201299225,Medium
118.15829564805296,26.283935558572807,1,3.4741358925108523,Medium
118.25290240928152,22.744273236257293,1,3.474111527673961,Medium
118.11290834764466,19.224440113824308,5,3.4710922258683863,Medium
118.07726945372674,4.811657511133037,1,3.4703234334090682,Medium
118.05071374985204,50.02342061328852,2,3.4697505370135167,Medium
118.00733321516137,44.242570683151385,4,3.4688145883981325,Medium
117.68876200959916,46.28385647251803,2,3.4619377391206534,Medium
117.61302126947308,38.5871374907866,1,3.460301716887487,Medium
117.55099020731994,0.6507438207079685,1,3.4589614949050227,Medium
115.2968060312857,25.145158919715914,1,3.4561663751630585,Medium
117.26780589307036,41.96876383479308,1,3.4528389357991633,Medium
117.17747014196864,16.291742748657963,1,3.450884267183588,Medium
117.01335770070072,45.28200052685403,3,3.447331082028486,Medium
116.90195810635778,0.7077322056962898,1,3.444917496185477,Medium
116.77050756806882,4.967791926168501,3,3.4420676177410146,Medium
116.2793026683666,36.272263544267496,3,3.4416263490645367,Medium
116.7042536366184,57.9696684431381,2,3.4406304131480208,Medium
116.54774592372368,39.35692215833812,4,3.43723313691595,Medium
115.04775071152972,35.668926943313046,1,3.4343266028724333,Medium
115.78611616931111,36.28679867551307,2,3.432256901705827,Medium
116.09047349176804,21.46968809543112,2,3.427287313584356,Medium
114.48862784309316,25.54796074359525,3,3.4267900551491985,Medium
116.04040139701324,58.67518789673542,1,3.4261962682371836,Medium
115.9468696541604,8.054985061960807,4,3.424157146105155,Medium
115.77318652533872,8.59046726178641,5,3.4203666247953195,Medium
113.44374054519884,25.11596714107793,5,3.4188471851944398,Medium
115.47240941873044,7.662920399563234,1,3.4137893188140414,Medium
115.46159739079496,51.12780829941109,5,3.4135525608181414,Medium
115.4086222968233,57.524294460377256,5,3.412392194050643,Medium
115.34299221949531,50.842745265818245,2,3.410953846857881,Medium
115.2307139829894,51.62798958864588,4,3.408491098313129,Medium
114.32945837301976,36.24733452927848,3,3.4053820700376054,Medium
114.97342808174548,13.55154252530602,4,3.402837479936609,Medium
114.8528704165786,6.855004902725776,3,3.400183216612241,Medium
114.73486564273276,40.51106239798113,3,3.3975818536970324,Medium
114.73082261873566,31.84212244403692,3,3.3974926678717754,Medium
114.70303092670302,44.80468213322414,2,3.3968794983057875,Medium
114.66964654086595,44.52433976663307,1,3.3961426875246348,Medium
114.59085876043166,43.01415614130316,4,3.394402708630116,Medium
114.20615959427934,14.464961906742676,2,3.3858839307983364,Medium
114.1059013614599,51.683657814721805,1,3.3836572722197653,Medium
114.08880407573844,1.4284820555864175,4,3.3832772740937744,Medium
114.04962173812086,52.86161328400953,1,3.3824061095998985,Medium
113.99567692609877,32.11427670109869,3,3.3812060055737585,Medium
113.91503018690754,53.04560429863301,3,3.3794102985000896,Medium
113.72728577465811,56.05495586248568,3,3.375222463890148,Medium
113.71794874220734,54.59796891955176,5,3.375013913881738,Medium
113.68673870862466,12.886172541811952,3,3.3743166189200227,Medium
113.55953959997744,48.54777547745388,2,3.3714716063377557,Medium
113.3417551234619,46.49268651138413,3,3.3665885302009837,Medium
113.23687364925227,50.7130891415006,3,3.364231356644334,Medium
113.06887952884824,39.37221698110746,2,3.3604479609487306,Medium
112.86492045345568,39.25105416783829,3,3.355841299436838,Medium
112.84220712588233,20.325972315339666,1,3.3553273657419718,Medium
110.77375737244844,25.26410442958916,2,3.353062754022287,Medium
112.73916628279014,3.67171449911305,1,3.3529934845570533,Medium
112.72594900341916,19.4031833755368,3,3.352693827736684,Medium
111.55427103005158,36.273536430878885,1,3.346830904246454,Medium
112.4594737125367,52.317567218588906,5,3.346638266039786,Medium
112.39561509226291,27.98846858427944,4,3.3451830121002835,Medium
112.2640430339068,7.106446144683574,2,3.3421795329758592,Medium
112.1108033539408,15.577277633501811,5,3.3386725504739334,Medium
112.00754119239576,2.328375335155366,4,3.3363038175650894,Medium
110.493688587641,34.26930697531454,3,3.334141761821241,Medium
111.82092400856784,44.91003063877648,4,3.33201144057498,Medium
111.78347325804212,40.44596006646989,2,3.3311482092084366,Medium
111.06469580573008,26.85329752059372,4,3.325887432252225,Medium
111.51378428316372,42.3568964456351,2,3.3249133830977655,Medium
111.4382418855527,41.81774182164809,4,3.3231609805129465,Medium
110.45018335617762,36.27351364352775,4,3.3217016462316216,Medium
111.30103932810398,13.028538970949516,4,3.319971346963406,Medium
111.1392572667732,0.0964663263862952,4,3.3161986884777788,Medium
110.78412039052334,31.203962882182555,2,3.307871456545704,Medium
110.75990004240232,59.17656991942608,4,3.307301186754958,Medium
110.14738808998628,23.051373964925585,4,3.3038086739059405,Medium
110.46823367353603,51.88045723369178,4,3.3004094449411303,Medium
110.44858911460337,46.09532347651927,5,3.2999436158521114,Medium
110.43776733822972,15.94594752425378,4,3.299686909870454,Medium
110.0395620703283,41.89326327039807,5,3.2901952855415946,Medium
109.89726803693182,48.82303356093636,3,3.2867813689366305,Medium
109.80997679318747,46.91778463630005,2,3.2846811098354247,Medium
107.96508009936797,35.16756189705207,4,3.282358133088249,Medium
109.34987471693049,22.345125580758967,4,3.2773456273448103,Medium
109.40101691727143,4.66146300495746,2,3.27477898561549,Medium
109.35700929919888,38.17701864704944,1,3.2737071368313435,Medium
109.31002140161782,14.908632082900697,1,3.272561316945056,Medium
109.22594621017964,15.458141450336988,2,3.2705075116730584,Medium
108.85875121985175,32.80896004960336,3,3.2703982694723823,Medium
108.9414466831452,41.90879255228448,3,3.2635227846950103,Medium
108.71032736237072,12.444720719025636,2,3.2578077463739037,Medium
108.52754527411372,6.811708129514522,3,3.253261166708039,Medium
108.43207100271142,38.92803249244071,2,3.2508766661799737,Medium
108.35474425587851,29.69109418155144,2,3.2489404737666536,Medium
108.20498905445945,37.82919953206408,2,3.248577736630086,Medium
108.12230272614114,21.880443002906635,4,3.244560511467405,Medium
107.5666365194598,23.17086146506784,4,3.242103271583418,Medium
107.99912356636948,28.04575955086089,5,3.2420199215815018,Medium
108.03756126967826,42.37953309780702,1,3.240951232814722,Medium
107.68321200719404,46.29388290310728,3,3.2319327654298124,Medium
107.65159384535129,41.18056022078143,3,3.2311231274117116,Medium
107.4876945452272,56.33307207863437,4,3.2269129215153765,Medium
107.2241606835784,28.69925920579299,3,3.2200956536335577,Medium
107.04675313249037,31.50171780274142,1,3.2158453316366673,Medium
106.786324714051,27.603462337374417,3,3.214278384942104,Medium
106.80482407459486,46.68516143138832,1,3.2091220012908286,Medium
106.79777481950956,51.11875481207365,4,3.208936164524212,Medium
106.73340403514884,43.68854346597047,5,3.207237049233689,Medium
106.69377117040008,48.68262293174676,3,3.2061889875632823,Medium
106.54098780016876,46.86417834634448,1,3.2021348744245697,Medium
106.48037379692173,12.067054979962306,2,3.2005203064651804,Medium
105.27480607092583,35.21888417521433,5,3.2001072755026505,Medium
106.23404431167458,37.82000571825486,2,3.198119325211214,Medium
105.37534272764128,37.70263345380544,4,3.1751922226180302,Medium
105.43061829329368,30.295858293167164,2,3.171969057359261,Medium
105.3237203428924,17.525024114690993,3,3.1689956676049245,Medium
105.25267952012524,49.61413873476916,3,3.1670125306586625,Medium
104.92829757860122,2.381627888336728,2,3.1578833655414114,Medium
104.79813645627075,46.85168323676472,5,3.1541853157418482,Medium
104.45467983072508,47.59745289789018,2,3.144327857925898,Medium
104.1947909021734,8.83355005264687,4,3.136769853622266,Medium
104.06862764919305,13.340784055258368,5,3.133069051365763,Medium
103.994845851186,5.155574228242001,5,3.1308949577433536,Medium
103.59213625937458,29.888212993312614,3,3.1188972852024253,Medium
103.53424056625164,38.37096866962934,1,3.1186115453841716,Medium
103.5440107097199,53.6731985008436,4,3.1174483227921876,Medium
103.53580719837778,49.83720854783572,4,3.1172010015966927,Medium
103.42172019434534,16.607189729104583,5,3.1137514379523896,Medium
103.34738992325772,10.882510633252776,1,3.1114937968646976,Medium
103.30990016091756,8.87116140197396,4,3.1103520406691887,Medium
103.23041540147388,40.22291061310467,5,3.1079244402764434,Medium
103.19327152292362,58.979737540222914,3,3.106786774744665,Medium
103.16731540273906,28.69861122678149,2,3.1066910960692775,Medium
103.06734859412492,31.91789665995008,4,3.104952543612238,Medium
103.03251230199324,59.7438560983998,5,3.101838938669644,Medium
102.93413723699928,11.286814284368544,1,3.098791666163602,Medium
102.84897436751812,49.34054766558948,4,3.096141517870626,Medium
102.82772239309166,21.005649829598102,1,3.0957573991389733,Medium
102.79698832119564,59.19240224689106,3,3.0945181899672387,Medium
102.77651038492615,10.050039659546728,4,3.093877568475033,Medium
102.63996746740672,42.27810518380429,2,3.0895889214941348,Medium
102.40459269444337,36.585997874836096,5,3.0891915110116277,Medium
102.41190878779842,55.49955813705719,5,3.0823583638798095,Medium
102.2686783748412,22.528492453967345,2,3.080919462832575,Medium
101.92778961480172,31.68283320740743,4,3.0676452004525103,Medium
101.85457011450066,49.58527466532161,3,3.0643173992887935,Medium
101.80423858473684,19.63503246971268,3,3.0626612763590244,Medium
101.66957851467669,10.465248089509542,5,3.058207722078962,Medium
101.46681786979453,28.99944668357378,2,3.0515678756825952,Medium
101.38605660593716,4.410357104436935,3,3.048720718031906,Medium
101.31205300968622,55.700436575943,3,3.046219307263498,Medium
101.25643115538126,0.0396432409164937,2,3.044332234717062,Medium
101.21551005768644,55.7901751918313,4,3.042940053414673,Medium
101.10929866972629,55.48481861718998,5,3.039311216364398,Medium
101.0633329895042,15.80819149516407,5,3.0377337862085128,Medium
100.85408378218844,36.19978464010737,4,3.033968909660697,Medium
100.73909183234257,26.814592015073163,1,3.028382726827762,Medium
100.67484317094996,9.256491875117415,3,3.024229564924741,Medium
100.5750393197362,15.325780615077756,4,3.020709325328359,Medium
100.3827598355537,13.5246748178942,5,3.0138666762507307,Medium
100.32003300321723,57.81199643231582,4,3.0116168522752234,Medium
100.1519807030905,34.73797166387229,3,3.0066963977968872,Medium
100.07811967144862,28.21399203256538,4,3.002895555366292,Medium
100.05489703211109,7.412754152631473,2,3.002009384400732,Medium
100.05480966900512,48.438155924040856,5,3.0020061922247887,Medium
100.04558470088456,33.408149084792534,5,3.0018100554577205,Medium
100.02876406197916,10.96746060047673,5,3.0010537183292634,Medium
99.96576649996032,46.85114685599076,5,2.9970382423295336,Medium
99.91417892010874,39.06641037340697,2,2.9925578470299463,Medium
99.86377756304724,52.30079705138928,4,2.988275025622096,Medium
99.82419512699364,54.10088729398429,3,2.984898114604512,Medium
99.7227547310138,36.45626302447613,3,2.973420040627544,Medium
99.50965851472,28.26745596902168,3,2.957566545996812,Medium
99.4738874219653,47.66021794710802,5,2.955583257461711,Medium
99.39129786053547,40.292501697393085,2,2.9488171922423927,Medium
99.32005905667324,25.240344312380223,4,2.9287058572000166,Medium
98.72512019701442,12.029118622709316,4,2.8961406604367315,Medium
98.69265423337234,2.4765144561068952,5,2.8936559878243764,Medium
98.60796083049556,16.26886944638269,5,2.887208740995979,Medium
98.58966675519244,15.928013050041978,3,2.88582260825836,Medium
98.53907642583064,15.49278600639335,5,2.8820013139908736,Medium
98.34962582852648,58.77803832900975,4,2.867844476843256,Medium
98.29820750908524,54.57348704027227,1,2.8640432264041715,Medium
98.47489848118208,26.309563699846667,3,2.8612988565052007,Medium
98.18515108597892,32.272139786078775,4,2.8496607089009376,Medium
97.79145196200804,2.886074056807741,1,2.827478268450893,Medium
97.63976566794648,20.6389668743143,3,2.816599245737302,Medium
97.49051788395631,38.7787977637783,4,2.8046565054252515,Medium
97.44719965202216,40.69330900769844,1,2.8035239124681723,Medium
97.32401176515864,6.592300228953132,5,2.7951169107072977,Medium
97.29090533691924,28.226622754531952,4,2.7881164374398537,Medium
97.69569406882944,34.665391271315336,5,2.780728631227555,Medium
97.05566399093466,31.432155526206515,4,2.774101284938475,Medium
96.93821460831413,31.76845419347271,5,2.764214802912946,Medium
96.8546919842176,2.310168906525132,3,2.7638449176645006,Medium
97.5038811162247,25.24771261569699,1,2.762713559163998,Medium
96.74964613308248,45.734123724650274,4,2.7570036519225205,Medium
97.28416134403123,34.34458888181486,5,2.754361125618382,Medium
96.58580041397435,48.055300292699705,1,2.74644403376764,Medium
96.50257449527564,9.352367378835345,1,2.74113113615579,Medium
96.42774727964704,44.854573046000624,4,2.736383167825687,Medium
96.35249578197858,48.40492032671912,3,2.7316354291397733,Medium
96.1167713076355,1.969663339501737,3,2.716935938506072,Medium
95.93705690992311,54.21689202135904,2,2.7059007164591917,Medium
95.55532559707176,44.7063180825063,2,2.6829336000090698,Medium
95.54284391700442,52.39029178657072,4,2.6821931734946225,Medium
95.51043192932784,18.19457796825285,3,2.680273510733394,Medium
95.18573821315036,15.318195445575762,4,2.6612815485101726,Medium
94.85065795424684,15.609551233784272,5,2.642121702644762,Medium
95.36953646001818,26.54274457938737,5,2.6403923969690912,Medium
94.66282516892107,16.03935288753519,3,2.631568734807178,Medium
94.62495634213045,48.66942298399077,3,2.629457011915632,Medium
94.60947943642776,12.8756513143996,3,2.628595468819041,Medium
94.53822338134528,1.8882545471534475,3,2.624640162974699,Medium
94.40713162744215,50.88045048774508,3,2.6174112953176367,Medium
94.4044184389143,29.12231099560496,1,2.617262328367003,Medium
94.30075920445586,9.228264318341497,2,2.611590398508642,Medium
94.2706973207178,54.04730785579164,2,2.6099525462655326,Medium
94.1276704628134,10.174872817477358,3,2.602202875501014,Medium
94.0945725240213,6.169316915476754,1,2.6004195016045757,Medium
94.08404036514948,5.132718975246333,3,2.599852790622071,Medium
93.91517770749668,54.39146588408843,4,2.590817574399956,Medium
94.03506036450229,37.507118850162726,5,2.5817592762915194,Medium
93.71719522378608,31.16293629448801,1,2.5803441000913185,Medium
93.709085752126,44.33416927696289,2,2.5799178094664885,Medium
93.68449205259266,6.627008112003924,2,2.5786262816417342,Medium
93.46414651329052,44.318042204901545,1,2.5671404142469982,Medium
93.38301252921678,29.57906331621641,1,2.5629493250357633,Medium
93.35382848073952,47.0827503490952,2,2.561446725924547,Medium
94.72613669834728,34.80458917481756,5,2.5587515567242396,Medium
93.24411341726828,8.670381919938613,4,2.555820985981273,Medium
92.85100276828096,17.195111134940774,3,2.5359569162450892,Medium
92.78309015073508,0.1627715578824262,3,2.532570454655291,Medium
92.73557675602277,10.364436693870385,1,2.5302089310391276,Medium
92.73045669794752,2.4572697126022147,2,2.529954830296891,Medium
92.7134274947312,15.75784483056066,3,2.529110223726414,Medium
92.70556798390324,14.2377460032735,4,2.5287206842839756,Medium
92.59637102402418,18.720524373492697,4,2.523326301912467,Medium
93.23870007187595,23.49591235660169,3,2.51741389374809,Medium
92.4353614843432,38.74176974145607,1,2.5154319173966178,Medium
92.41380976638852,10.86918091504917,2,2.5143805398478065,Medium
92.090775226451,20.13890505167676,3,2.4987685657967367,Low
92.0893518095621,38.4293267237995,3,2.4987003733121402,Low
92.14640869214098,22.21527652785805,3,2.4921151156564254,Low
92.34242103351995,27.241392164311616,5,2.49078663487843,Low
91.85956834310382,41.66532720338016,4,2.4877592944965343,Low
91.61688453456838,59.7036193915641,3,2.476346120982207,Low
92.162034925217,26.772777171399618,3,2.470762687591333,Low
91.29013239461976,21.49629336602221,4,2.4612017899397,Low
90.96795774669148,2.673545138633533,5,2.4465097876988744,Low
90.884127594584,59.273859242511946,3,2.442724746901129,Low
90.71967577060066,10.487910762344152,1,2.435343774145115,Low
90.38420386243762,45.20630914994164,3,2.420464105828741,Low
90.3530874756894,38.49156130144331,2,2.419095718789484,Low
90.19486768928785,8.147718793647192,4,2.4121679606073534,Low
90.061872194569,42.59689757043419,4,2.4063831327958307,Low
89.83556255864282,49.975428233786765,1,2.396618415443945,Low
89.73642149189229,27.92124342596432,3,2.3918949406862975,Low
89.69675886611779,18.51509266698789,3,2.390677502124651,Low
89.56915261993969,30.24483114437787,1,2.3852474435171587,Low
89.63506856013466,27.75634962783936,5,2.3847630383019176,Low
89.30301782291738,5.993643987764175,1,2.3740176877565804,Low
89.07257720783619,49.75238350759482,5,2.364395170403148,Low
89.05679780744273,5.772071492753382,2,2.3637396255115473,Low
91.07142380915398,25.23295860570025,4,2.360150607948604,Low
88.93909785381422,58.27164817228284,2,2.358863214330621,Low
88.83253490332967,8.367503303125847,1,2.354468324515419,Low
88.72604786648208,54.95729342513062,1,2.3500953785993035,Low
90.3911759441238,24.39445248319741,1,2.3474403747340635,Low
88.65281100002984,2.436076712311881,5,2.3470986475656863,Low
89.26542067423735,33.29199316820879,1,2.343387772897382,Low
90.89865127929458,34.946325187323765,2,2.3424035031370694,Low
88.80283941411918,23.01095568669073,2,2.3341633084792544,Low
88.0392886424122,15.259193610653067,3,2.3223277148115673,Low
87.93335229596616,1.6627307649905698,3,2.3181087990482476,Low
87.89740433190363,5.62711405499337,3,2.316680942766898,Low
87.81443523716717,48.31864019372804,5,2.313392627867334,Low
87.75154678840202,59.42732458588255,5,2.3109068332549176,Low
87.48813881246244,10.750463328890682,4,2.300556432830496,Low
87.15500755906237,52.52621919117751,2,2.2876041282211603,Low
87.11345421761146,4.391507835932642,5,2.285999014211114,Low
86.91524822250784,28.715880744343604,5,2.278374008962074,Low
86.87444634249637,49.46384216132952,2,2.276810692168425,Low
86.70116107631091,48.01534347394055,2,2.270194969227668,Low
86.67961392905637,22.18299767552825,4,2.2693749886796795,Low
86.66911904488802,10.0793725887765,3,2.268975814443113,Low
86.5020629283075,16.88515448274197,5,2.2626402163551877,Low
86.428885561217,22.19776544281923,4,2.2598757544553765,Low
86.40379933977407,27.6304887591311,5,2.258929553481609,Low
86.33289938401843,31.48687306487072,5,2.256259449145794,Low
86.20347614188134,4.319539845902538,2,2.2514008024071566,Low
86.14688538013783,59.959109959164046,1,2.249282546492374,Low
86.08839503145789,6.9615734766237285,4,2.247097111552425,Low
86.01726986745636,7.060187173583814,1,2.244444920246895,Low
85.91544204393259,55.88085087381091,4,2.2406579362674073,Low
87.31544034728134,34.174403324506194,2,2.236464561294354,Low
85.78040668918052,55.69684633819238,5,2.235654022870976,Low
86.14960274865908,36.68812745686529,5,2.2322438992833615,Low
85.51928459158029,55.40597200612843,3,2.2260349387421874,Low
85.47931405868107,39.084889438320765,1,2.224569044404416,Low
85.44055181988527,28.532248646260296,4,2.2231490919906296,Low
87.46222001869855,24.698008540573174,4,2.2148964636637793,Low
85.06737273074744,54.612687589025455,2,2.209559057350596,Low
84.90321104282047,53.10539685305609,5,2.2036257527345655,Low
84.77909779173542,0.2150258219550838,5,2.1991576206694745,Low
87.35649632220927,24.90544723052662,2,2.1989924458277184,Low
84.76835014722208,49.870181022947136,2,2.1987714081092276,Low
84.17514935031039,42.70106797408678,2,2.1776241584556013,Low
84.15672885385442,40.71386771773462,3,2.176972650760957,Low
84.10893222747531,46.83190414017934,2,2.175283558997031,Low
83.91820016446793,9.53000683962475,4,2.1685632722273227,Low
83.90543889201125,43.98015816351816,4,2.168114768891572,Low
83.86453294725077,53.472289479458745,2,2.166678046623047,Low
83.78438946089133,22.367982393571893,2,2.163867347105806,Low
84.26181628530043,26.210100654801025,4,2.1560155776515164,Low
83.53692607610644,5.472133483076549,4,2.15522265912157,Low
83.30586895764371,30.65368586236778,5,2.147196349106383,Low
83.06768849419211,59.75947711372499,2,2.1389668151099723,Low
82.82803303792087,45.2314058824096,3,2.1307301229846125,Low
82.7057917851036,8.398428906414313,3,2.1265452669812857,Low
82.62664374323957,36.54372442437022,4,2.123841479212976,Low
82.56382265308878,8.534198911256272,1,2.1216986414016183,Low
82.28712683122994,59.7415927527615,4,2.1122935502110094,Low
82.26121556349031,17.25783469593967,2,2.1114155165843624,Low
82.1737288987872,18.576954479444183,2,2.108454290397258,Low
83.19003169592992,24.234872374241988,5,2.1049601793744586,Low
81.98335000784625,12.830513160036856,3,2.1020280505112026,Low
82.68534866940796,24.06071248363485,5,2.0998935450511103,Low
81.83408644965644,7.523507337301534,5,2.0970062195190913,Low
81.76408433927404,20.056381531633008,1,2.0946559756048955,Low
81.75651562897325,48.21798945615952,1,2.094402050149744,Low
81.72279174311771,50.61513285672215,1,2.0932710729458246,Low
81.66503074104037,50.94914631315407,2,2.0913356309862765,Low
81.64624849342039,41.50380254524809,5,2.090706727122138,Low
81.4998133360547,14.14031475677907,1,2.085810939660476,Low
81.46162191899573,45.99820974515496,5,2.0845362262464464,Low
81.31953942329845,10.822846793708674,4,2.079801606983807,Low
80.95954533132698,0.690769309669319,2,2.0678580709680316,Low
80.86541992217049,14.12777801099148,4,2.064747309153698,Low
80.84738711063952,19.59420907073004,4,2.064151895932833,Low
80.80880669366418,0.7490891523254795,1,2.062878629988909,Low
80.65256460029279,11.989623796499046,3,2.0577303797948874,Low
81.06013478132715,34.21781117099494,3,2.050682737025525,Low
80.42166574159984,51.25472024697496,3,2.050145656951722,Low
80.6129610863167,25.920611732818163,1,2.0468470036292215,Low
80.21039468849759,36.6397457049256,5,2.0432294348176323,Low
80.0714142718904,17.590568932735138,3,2.038691711646137,Low
79.97055862552901,59.862386247726285,2,2.0354045628671993,Low
79.90099557776625,55.98190250047499,1,2.03314011182154,Low
79.79968019134273,7.745319194387208,1,2.0298460528921414,Low
79.78008201556801,29.112741124033267,5,2.0292094017043767,Low
79.74289499864963,22.01369665656721,3,2.028001852091575,Low
79.59858815745945,48.73134494075818,3,2.023321741235412,Low
79.39777997059026,42.88181161081653,1,2.0168243757103075,Low
79.34317286656453,15.32830136982252,5,2.0150604843914417,Low
79.34198651213259,29.635547308795843,5,2.0150221772848984,Low
79.27245379580343,22.211176046833355,3,2.012778008197108,Low
79.24104572455101,23.092681786263668,1,2.0117649696753257,Low
78.8226831281176,27.89391375517908,2,1.9983088132838447,Low
78.67617572202816,47.87174593045536,3,1.9936125391281012,Low
78.56671422359226,54.92951892489184,4,1.9901089346438057,Low
78.42907421636022,58.5511291577724,1,1.985709509843693,Low
78.28989623054906,51.99130846363711,4,1.981267661288043,Low
78.25517844255303,23.4602840695494,3,1.9801606797218516,Low
78.24127696874834,46.15261398227931,4,1.9797175433098362,Low
78.1010746541668,8.872853189580262,3,1.975251919158057,Low
77.98170104061032,48.16463733123352,3,1.9714547719156468,Low
77.7315183190307,7.118831156018352,1,1.9635112518031683,Low
77.70085228331983,29.274641355025373,4,1.9625388908006007,Low
77.64236667344845,21.95953818752164,1,1.9606851984919054,Low
77.63530495095844,27.36491105401772,5,1.9604614464786287,Low
77.79903126553116,34.54095113920492,4,1.959963417827832,Low
77.56041764332022,41.381354231307775,5,1.9580895219634167,Low
77.52249628119871,19.83409397410555,2,1.9568890463819146,Low
77.31028371345393,12.633751750625157,1,1.9501784995101858,Low
77.13059392465505,23.252417686959504,2,1.9445059351558207,Low
77.00763039388782,28.24079239503461,3,1.940628974504838,Low
76.92388842099817,10.183711939248226,5,1.9379908170406746,Low
76.88145668776723,11.485681318199838,5,1.9366547300897092,Low
76.64096308448319,13.25138534574897,5,1.9290901648446388,Low
76.57834259070319,46.92265792786026,3,1.9271226607306886,Low
76.38581439029423,44.73677334079932,2,1.9210789040684477,Low
76.16677965137659,15.781573157463413,5,1.914212483133979,Low
76.1388425208535,47.68321202727586,1,1.9133373830916114,Low
76.10488408036647,40.39886746627511,2,1.9122738755702002,Low
75.91422577367742,27.24096452575704,2,1.9063068869616127,Low
75.87809208503012,55.313743758438,4,1.9051767684749221,Low
75.85269158557091,7.941805211461865,2,1.9043824803568734,Low
75.65118253051881,42.50120086329454,3,1.8980851123221436,Low
75.62872208608965,28.813088586977496,3,1.8973836200081535,Low
75.59348189935854,43.52772681966661,4,1.8962831507413414,Low
75.57806677530372,2.923408455798242,2,1.8958018347115946,Low
75.5570947049489,58.56066414313079,5,1.8951470712310412,Low
75.41977249581429,6.701591335126727,3,1.8908614569472202,Low
74.7929028841897,0.2676916880271918,1,1.8727108148756257,Low
74.71047144069168,37.7061976298234,4,1.8706981980202877,Low
74.40938980747987,13.332045972250445,1,1.8633666896431225,Low
74.39049103467283,54.38119041392624,5,1.8629074943677955,Low
74.36868391667524,57.73952771039057,2,1.862377776929056,Low
74.31785093440077,10.69242363183462,2,1.861143585575307,Low
73.87853212315915,31.007445465644107,2,1.8505107526837583,Low
73.62773124406047,13.272913213330552,1,1.8444662985640214,Low
73.43780810404203,57.53913498894478,2,1.8399007361031379,Low
73.1242737345211,41.69616397041196,1,1.832384622921157,Low
72.8645880332304,50.19907631453999,3,1.8261780791761901,Low
72.42763915647441,22.762564297998825,4,1.8157703816217603,Low
72.40270391378934,44.383852350399565,3,1.815177717756943,Low
72.33102213354323,45.12460561129807,5,1.813474708051304,Low
72.29703458246388,4.254176173334551,5,1.8126676100294206,Low
72.20481494271507,25.75292169280201,2,1.8104788790072228,Low
72.04320631323584,41.82277174881369,2,1.8066473967831038,Low
71.97721681512674,37.322290288854845,2,1.8050843596462276,Low
69.36932804782072,24.86038483053938,2,1.8039224074432416,Low
71.68090139988068,26.09509531631964,3,1.7980758223743092,Low
71.62880175947997,17.63863694668967,1,1.7968451823239815,Low
71.49787324442329,13.235464010279074,5,1.7937546009980812,Low
71.36459600111218,53.25882497614798,4,1.7906115271235734,Low
71.26849051382052,21.967922577124213,1,1.7883468580379873,Low
71.16360917361501,27.075081457477005,2,1.7858770425168629,Low
71.10701806075684,50.91097242795797,1,1.784545095087462,Low
68.187852573149,34.79934537411741,2,1.7840798238036166,Low
70.98893933504735,22.3137802236697,4,1.7817674852669767,Low
70.96739934261325,52.64420844315436,4,1.781261010721303,Low
67.87915120801345,24.70883880430413,3,1.7739609078259007,Low
70.41172456818165,37.05073691866939,1,1.7682169655369555,Low
70.4066687027184,0.0149114560396945,2,1.768098462155095,Low
70.36466537821629,31.22601063351584,5,1.7671140712276157,Low
70.34829667200688,14.211074158338684,4,1.7667305096060426,Low
70.30073095422229,52.60490751308457,2,1.7656160955608418,Low
70.10524481068958,12.687700273780658,2,1.7610387128082305,Low
70.03662945522211,8.203665735517909,2,1.7594330282903,Low
69.89542849973179,14.897866245939673,2,1.7561302522681566,Low
69.88860000504101,52.34429971197987,5,1.7559705793389537,Low
69.75838254599063,32.676164977787586,5,1.7529265048627156,Low
69.62698685169653,42.41705969179284,3,1.7498564472376947,Low
69.55224223603513,23.548214495866688,5,1.7481107047391353,Low
68.92944075556105,25.97744854840742,3,1.746655956567459,Low
64.96301667694021,34.96456622963807,1,1.7465603319627323,Low
69.47969953637747,6.552976478057437,1,1.7464168305203758,Low
69.4717980138488,15.313884431881403,3,1.7462323552470844,Low
69.42834814979567,1.5646495960397666,4,1.7452180276233524,Low
69.32142001443609,11.033650097795388,2,1.7427224285180536,Low
69.28435981597127,21.93156298095157,4,1.7418576767721399,Low
69.17142980594818,36.90370942882782,2,1.7392231988042397,Low
68.86879020261722,26.216099759833085,1,1.7327145525863095,Low
68.72990341597128,49.317271272928366,2,1.7289307734307064,Low
68.70420104571224,14.82502157845634,3,1.7283319569083953,Low
68.50655816432237,53.39879420936182,5,1.723728282899831,Low
68.24287093843998,12.017257260242758,2,1.7175887106317833,Low
68.14488394108396,14.711646700285002,2,1.7153078204611527,Low
68.10956434954365,38.35548852288687,4,1.7144857367748432,Low
67.68837957765587,26.30350713354973,1,1.7128962659935498,Low
67.99235342188125,12.831294929213684,2,1.711757813501686,Low
67.72031223352919,57.09154835287963,2,1.7054275050682843,Low
67.39045866960191,17.196392743318963,2,1.697753078045835,Low
67.26076646266405,18.1647296254452,4,1.694735725118642,Low
66.9188731715312,50.24718569753183,1,1.6867808872220702,Low
66.75458855447049,53.43161490298614,5,1.682957898233587,Low
66.5752841758503,47.13593262953098,1,1.678784723353439,Low
66.53658256378043,0.0325068268651862,3,1.677883862576367,Low
66.52543607792724,22.805159661906096,2,1.6776243969109377,Low
66.4179361506895,40.660476780450296,1,1.675121841406542,Low
66.35946150585394,50.45859134241695,2,1.67376041791874,Low
66.27360116469316,45.36258080470526,4,1.6717611748414967,Low
63.813243015903645,26.034604639980536,2,1.6704890093876452,Low
66.17067481519535,9.872375349800592,2,1.6693641843306362,Low
66.04577457836871,55.75293602777088,4,1.666454868175009,Low
63.46136075208707,26.046414154566776,3,1.6641917136625926,Low
65.81339081293353,31.763566060398112,4,1.6610399973350818,Low
65.80537981561592,16.935790570502157,5,1.6608532811912362,Low
65.77120683160213,10.567379937320666,2,1.660056756616565,Low
65.75345485089946,20.78246907239777,4,1.659642957798382,Low
65.64814341173147,39.97128011403887,1,1.6571877859165869,Low
65.56273661493078,43.801367188663264,3,1.6551961872446905,Low
65.42080208346175,10.565570908594156,2,1.65188542636133,Low
64.05444974289159,36.53571812743533,1,1.649502091823767,Low
65.17347118294035,40.262814742464606,2,1.6461129845245543,Low
65.16185579612737,38.48255682736879,1,1.6458417870506152,Low
65.08924962918799,17.13696126163647,4,1.6441463419079583,Low
64.84146878735265,21.699150607955147,5,1.6383572570588851,Low
64.60245731285235,43.69588398985816,2,1.6327681877493503,Low
64.55648846732787,59.120390327182136,1,1.6316926630285882,Low
64.44356242858763,5.405142682475046,5,1.629049715805074,Low
59.695380542217386,25.42107384359913,1,1.6274209447468684,Low
61.362999897970646,26.147100772721178,5,1.6233809092459393,Low
64.12520745173973,45.29659346178499,1,1.6215921209201098,Low
60.44443664401869,35.86462816639466,2,1.62001803624286,Low
64.05690933730563,13.679942401593808,1,1.6199908462002668,Low
63.93923953545973,2.6735927480409294,3,1.617230848179651,Low
63.700146177112615,51.11697715601174,3,1.6116180022601054,Low
63.69375556149373,31.76272632246535,1,1.6114678879026785,Low
63.5425504869665,5.409782678051654,2,1.6079146768602905,Low
63.30480129880968,11.2504753964823,2,1.6023220017576496,Low
63.18346313438297,4.359897746979762,4,1.5994648987866011,Low
63.04416867560752,56.15890278298813,1,1.596182552602767,Low
59.5419667212057,33.92845537316397,4,1.5927954778026092,Low
62.54918376158604,57.62304582757618,3,1.584496489911115,Low
62.20909375983378,27.39467070805744,2,1.5829960995093175,Low
61.16056854474769,33.024117566092166,2,1.5829324554429962,Low
61.99749482141449,37.41645041569112,5,1.5787377622416872,Low
62.300308674078806,41.81975087951522,5,1.5786069376431586,Low
62.25070163595127,13.301011219744748,3,1.5774318359627215,Low
62.21485524629493,6.689395279987678,4,1.57658245315084,Low
62.1203177288305,50.7946998477152,1,1.574341378572194,Low
61.931069877977095,50.26652063133546,5,1.5698506888094657,Low
61.78637701397768,9.927728913655807,1,1.5664131546247784,Low
61.75276854685941,13.85899722086208,5,1.5656141845810099,Low
61.54273177424128,2.4664165686585093,1,1.5606164850474744,Low
61.45665859473126,12.834379234753246,3,1.5585661342452939,Low
61.326759998326295,4.104431457778972,2,1.555469239735645,Low
57.20093873130391,35.89625746529664,5,1.5515892189711065,Low
61.05553544335234,10.885754686122148,1,1.5489927692113703,Low
61.05023120176869,11.55978294305806,5,1.5488659703182037,Low
61.00825865220995,4.718618032851769,2,1.5478624151031228,Low
60.89937277458318,53.95906127930286,3,1.5452573618206675,Low
60.86597045518758,14.512495648632743,2,1.544457753006078,Low
60.69667294034403,12.331925385171338,4,1.540401536718467,Low
59.86319398044693,32.36902117508587,3,1.534755431789803,Low
60.4588578361377,43.35451573768649,5,1.5346937695674365,Low
60.250086548673735,6.991291838321758,1,1.5296732513190474,Low
60.08616117653544,11.732632719072182,1,1.5257245737141771,Low
54.66875506129602,24.855225106192208,2,1.5210469758257144,Low
59.87254085894861,4.773750369268434,1,1.5205698875898546,Low
59.84302632978498,20.322295760584936,5,1.519856889056506,Low
57.07604546351605,36.6745841285344,4,1.5174885369238171,Low
59.5430368167299,57.51177465936132,3,1.5125984895608706,Low
59.54093140453144,46.76450187718029,3,1.512547473791267,Low
59.45131945944581,19.62891150439292,2,1.510375132846275,Low
59.40304677349162,50.06492049129181,2,1.5092041304821038,Low
58.95670906331606,37.9588096743404,4,1.5069764946046509,Low
59.217403200999634,13.365549852448632,4,1.504695537329345,Low
59.16874125649566,7.784940240717127,4,1.5035123295333495,Low
57.57687035443038,27.33417665967752,2,1.5033123207710846,Low
59.145511067017424,6.043424578028769,4,1.5029472854794135,Low
59.14036737221908,30.533702797870088,4,1.5028221538023094,Low
59.043427015500285,14.5492432854272,3,1.500462639747067,Low
58.91998478697617,1.5473774908024795,3,1.497454673519409,Low
56.83882984828983,37.15439016125401,4,1.4949009686650783,Low
58.59423646841022,53.92503090500245,4,1.4894983826547485,Low
58.56481017466921,39.499781042420416,1,1.4887783007503224,Low
55.0410075383824,26.317699837308595,5,1.4851077642259718,Low
54.83039978341717,26.19011242952263,5,1.4846313241590927,Low
58.18597236635927,2.701948017053601,3,1.4794873151085481,Low
54.2515072034645,24.02855201066397,4,1.478025637697836,Low
58.0696988835766,6.428324721310165,4,1.4766279225899546,Low
58.02165312180848,18.53291879807179,4,1.4754452957991058,Low
58.009564198892114,39.92328090249371,5,1.4751476311894733,Low
55.81770275766514,27.45429030301604,1,1.4633461669943189,Low
56.432095925052735,32.13632242302906,4,1.4625500239365308,Low
57.46223500235655,12.297158139929609,5,1.4616275313696188,Low
57.337595715147295,41.12402999720587,3,1.4585366077668847,Low
57.25128870528998,12.699771420458363,4,1.4563935942633712,Low
56.79719535623386,38.836940876076994,1,1.445081407161939,Low
56.68449581780844,4.711531211473816,4,1.4422640647686837,Low
56.67619402736902,14.632801903774396,2,1.4420563737711358,Low
56.55863192788398,39.56818760841338,2,1.4391129219249539,Low
53.39787916146903,23.512129120837496,1,1.4387561874828307,Low
55.21892068407573,31.94297984519905,1,1.4316825640418198,Low
56.26213020777847,44.76592438247327,2,1.431669729612377,Low
56.02901182750218,11.040261320775455,4,1.4257976475744676,Low
55.96263267190146,20.46876441544559,4,1.4241223269770955,Low
52.19439457326059,26.067284933102087,1,1.419518353753228,Low
55.49285336468879,39.57717401446178,2,1.412223319465495,Low
55.49014159111061,43.345184782383214,3,1.4121544142690619,Low
54.84893264101628,48.028480345571445,3,1.3957889008694824,Low
54.76234320873176,56.49940701027536,3,1.393567592361707,Low
54.602697052905306,46.522678984742114,2,1.3894649292485541,Low
54.58192362213362,0.5030394847421271,4,1.3889303921440233,Low
54.49907538241679,4.939157764265881,5,1.38679696597971,Low
54.43583196781962,58.38655770534727,1,1.385166660818185,Low
54.41559399538539,55.551874452497565,5,1.3846446447279208,Low
54.31519254879403,5.834312367681365,3,1.3820526220923615,Low
53.462774674456256,21.40240105646398,1,1.3786923737735703,Low
26.49229881229368,24.90507360985557,4,1.3765667121644571,Low
20.91949776359681,35.18154447262735,2,1.3745428000104862,Low
12.377540373360835,34.80941943878539,5,1.374331820571474,Low
43.659470120920695,25.24392153168842,4,1.3730869937321974,Low
53.322524736761096,21.15747449312664,5,1.3690880389497988,Low
22.771395647027127,35.60318674129044,1,1.3647300037899723,Low
33.052667324732965,25.648918412901786,4,1.363669656086644,Low
18.698951912477547,35.7450878645019,3,1.3614423957481123,Low
13.901793261131994,24.24274006240362,4,1.3611607409318047,Low
32.99976137878065,24.103727577575,2,1.357948031276844,Low
12.690320879002233,24.074857619530405,5,1.3572817355517954,Low
53.30349882133184,11.67745929361091,1,1.355716593996535,Low
53.28071187261856,14.220371998491682,3,1.3551187301829482,Low
19.172642445384103,23.67784498004028,1,1.3481512984902733,Low
15.680246790758206,23.57017659493897,1,1.3456856407980644,Low
28.86517302001144,26.51163546866544,5,1.3438151288857452,Low
31.715462689040127,33.46633374982584,3,1.3433118756155653,Low
52.8165464223081,53.54136844014923,2,1.342893879522757,Low
44.27360536824927,33.431583675079565,5,1.3425184605301317,Low
48.88467325776793,23.408163787315537,1,1.3419840045901539,Low
35.0372637599459,36.60330406264345,5,1.3417223801183733,Low
44.77217664349665,33.330799782514674,5,1.3402200483970321,Low
25.07198432834058,36.68946241154355,2,1.3397584462929282,Low
40.30039916578299,26.71199980599432,4,1.3392452028358754,Low
11.718333493142495,26.74111513983059,1,1.3385824583440824,Low
44.51964283363695,33.25363210973196,5,1.3384629272363064,Low
51.77348953504277,38.694987107613215,4,1.3380245712125498,Low
20.857983849567155,23.12182713459944,1,1.3354671823113866,Low
16.50312405911477,26.933251547629258,2,1.3342173769716354,Low
35.907718018430685,26.98906610748212,3,1.3329521161800444,Low
38.24107199203555,33.00114502124279,3,1.332730341376712,Low
36.84967781545096,22.99896631967525,5,1.332680986381923,Low
52.11032383395981,20.72625134788519,3,1.3315018981152134,Low
29.75136991166903,37.05906687327079,5,1.3313670422501778,Low
51.47988262194291,28.73059969632672,3,1.330257256989848,Low
35.50513872936831,32.889401882082375,3,1.3302014517562348,Low
20.511071618926977,37.15789927169804,4,1.329132489997343,Low
35.33523109998468,27.19882809392179,3,1.328208271093747,Low
46.08056891968199,32.800308869008376,5,1.3281887900895184,Low
52.20963087162136,40.04128854732074,3,1.3267723102050455,Low
11.001213434477258,22.71246993846369,5,1.326207626208008,Low
35.922393627859904,27.36207071420367,1,1.3245288769917476,Low
40.59452430416181,37.37087756221324,1,1.3243306865000923,Low
25.00613628506278,22.56256508955892,2,1.3228339044167037,Low
16.831154358643346,22.54822637448236,5,1.3225116860663408,Low
40.03402307918103,22.50614782856041,4,1.3215665917414037,Low
26.1585033048524,27.500170859859104,1,1.3214247358051339,Low
32.24633612163974,27.565439032002708,3,1.3199604208465834,Low
23.644216000318465,27.58799495218137,2,1.3194547825478604,Low
46.85649538841608,27.606053811875192,4,1.3190501081149033,Low
51.90450267237212,5.048867087682525,5,1.3186066442510722,Low
43.52704473016984,22.372741668106123,2,1.318575117389504,Low
51.8886090653284,1.7730400102137134,2,1.3181801764673724,Low
41.609206649371984,32.32850033733179,4,1.3175846967396883,Low
51.84538673766124,51.256064928199166,5,1.31701983487084,Low
36.187643170821104,32.285538513260136,3,1.3166237044685225,Low
51.82752716289399,18.703957711763152,3,1.3165401343944798,Low
40.40292518920904,27.72980324065683,2,1.3162807198292572,Low
51.80458475749506,50.55643132959813,5,1.3159237011756075,Low
49.5105681501496,27.74877785083721,2,1.3158566548089348,Low
11.613486688905,32.20296489346781,4,1.31477883236874,Low
19.81615312642437,27.8272868886441,1,1.3141036616012762,Low
35.453981513609406,38.02611371131613,5,1.309675821909267,Low
33.028422627921046,38.10683444669052,4,1.3078829956597555,Low
10.98233285577586,21.8881690602413,4,1.3077721142003724,Low
21.851667080957405,31.87568595020769,2,1.3074951376716517,Low
21.063003136861447,31.82099608961547,4,1.3062824635273214,Low
13.260450476413716,31.796520733924297,5,1.3057401728743474,Low
20.597347215301376,31.78807080449472,2,1.3055530112161622,Low
32.40365651484126,28.29627880427111,4,1.303686403253082,Low
23.48709312280983,28.39662557549452,5,1.301469811312538,Low
12.408315081774145,31.58312103789392,3,1.3010229602005994,Low
51.23810599054555,57.82709041146665,2,1.300627207516419,Low
25.70065876927672,21.50930823846471,5,1.2993959452632164,Low
41.61750715763591,31.500863986234304,3,1.2992099655377383,Low
51.182801740141926,54.2022232622338,5,1.299125911223859,Low
42.976948438931935,21.46773506079557,5,1.298480622922382,Low
51.1180024379907,50.90546701385622,2,1.297365040325051,Low
40.89730110220594,28.61476934076173,4,1.2966663666333755,Low
51.082843654052176,56.0441952890185,2,1.296408802697285,Low
40.48937734447074,38.7484262913269,5,1.2937336699567128,Low
17.579144995389683,28.75139243330985,2,1.2936686770371648,Low
50.94234201413659,9.377989581660309,1,1.2925816606958127,Low
38.92535578137331,38.82148628497882,3,1.292133951417516,Low
43.02728633144191,38.86856151569877,5,1.2911044591824565,Low
10.306126713600484,21.11169113913309,2,1.2906728987834923,Low
46.33339149465301,31.1108427372617,1,1.2906543616510597,Low
42.52865914623689,28.919826712554947,5,1.2899844677033976,Low
32.15196472042223,30.9460937930451,2,1.2870608339926917,Low
44.938359866126845,20.945600962373376,5,1.2870501027157695,Low
50.7288555657926,47.69382916661885,1,1.2867485023223069,Low
43.90707680325642,30.887367074454936,2,1.2857828497098214,Low
39.327100834516,30.864936410334824,3,1.2852951378891737,Low
43.59361563983016,20.80816371243114,1,1.2840617500853835,Low
15.579103406381495,39.192316524050455,5,1.2840513232217792,Low
50.57543420593007,5.6157617811236165,1,1.2825429906709767,Low
12.879643783948431,30.705601810821538,5,1.2818373322588843,Low
30.50064905760664,20.628588930701145,1,1.280170216248314,Low
50.479568394460905,10.483875568450827,3,1.2799093638511772,Low
27.46524214994936,29.431007431833763,4,1.278882001125471,Low
47.41528773340109,39.45867191232583,1,1.2782845746049785,Low
36.778500248831136,20.454879123220906,5,1.27641996652346,Low
29.810855379637392,29.614095756995475,3,1.2749347580761465,Low
47.60019003626908,29.66183638821441,4,1.273908084457094,Low
46.13686494728669,20.243443099287216,1,1.2718742740250175,Low
33.30163332015273,29.76079766315948,5,1.271783316731518,Low
50.12980680270481,0.7088356291871944,5,1.2702624115151036,Low
31.84435109354058,30.167191384080883,3,1.2702401025458547,Low
38.01218870099531,29.83406654288156,5,1.2702131666997645,Low
37.662293891478015,30.15279748829514,3,1.2699319326431195,Low
29.11009392945511,29.851526422155345,5,1.2698393779868744,Low
28.238288875040297,30.120605239092924,4,1.2692430609833956,Low
42.1609181264004,39.9001420515366,1,1.2687993579835413,Low
29.443292883102213,39.95299137373279,1,1.267670047216837,Low
21.09743343146587,29.967504357311444,1,1.2673601603114515,Low
27.62220132492855,48.46716460602239,1,1.2666666666666668,Low
39.17708591626878,52.84969559964221,1,1.2666666666666668,Low
41.32167147349398,49.90272534706392,1,1.2666666666666668,Low
43.849076099752345,59.7074067773838,2,1.2666666666666668,Low
47.189129602666746,54.15838010267839,3,1.2666666666666668,Low
12.836971124934903,10.870001128043612,3,1.2666666666666668,Low
36.06496072652882,15.969415575410856,5,1.2666666666666668,Low
10.96927856893546,52.9499244335799,3,1.2666666666666668,Low
14.732157940501027,45.84981647022533,1,1.2666666666666668,Low
32.28842625107919,48.18082183384461,5,1.2666666666666668,Low
16.46855353873466,54.15057910866955,4,1.2666666666666668,Low
26.83074910165677,19.00287938064309,2,1.2666666666666668,Low
49.91081232957677,50.49770273665936,2,1.2666666666666668,Low
29.274275164091367,58.36940315226487,2,1.2666666666666668,Low
44.60916751117071,2.7720215344789745,3,1.2666666666666668,Low
25.77778459067686,1.5285020527432502,5,1.2666666666666668,Low
23.113997040309528,54.43414186165635,5,1.2666666666666668,Low
28.24178353125655,14.727752400720703,3,1.2666666666666668,Low
49.69226098441569,50.66103905080503,4,1.2666666666666668,Low
45.64070411912236,55.80069313562562,3,1.2666666666666668,Low
28.68067671942321,9.68600855105864,2,1.2666666666666668,Low
37.29416539139048,4.40879078042816,4,1.2666666666666668,Low
31.42432725046808,19.32601297745988,5,1.2666666666666668,Low
14.930916930442146,1.3272325613263636,5,1.2666666666666668,Low
47.13551689613215,8.730503549284801,4,1.2666666666666668,Low
49.22026882173958,5.558672208757924,5,1.2666666666666668,Low
35.60818532113152,4.771248989117824,1,1.2666666666666668,Low
39.794432210860165,13.532128246541042,4,1.2666666666666668,Low
16.312772162081274,57.06419914072057,5,1.2666666666666668,Low
12.404014732117863,18.78060494620468,2,1.2666666666666668,Low
39.87761625810336,47.96887205026496,2,1.2666666666666668,Low
14.4656275288932,15.381392723620197,3,1.2666666666666668,Low
11.44708010049708,52.80352782376378,5,1.2666666666666668,Low
29.36221415112039,18.841182379741785,2,1.2666666666666668,Low
47.55312222798942,7.416326486478015,3,1.2666666666666668,Low
20.654711535226305,11.310974101220472,2,1.2666666666666668,Low
26.2349112939058,12.72921979589283,2,1.2666666666666668,Low
38.46698080478869,56.81307027542539,3,1.2666666666666668,Low
31.26806065682991,10.560017517062024,1,1.2666666666666668,Low
38.79947236697655,10.620332711212727,3,1.2666666666666668,Low
27.209196097341625,56.91804423497808,1,1.2666666666666668,Low
17.76115338177571,50.66878579355984,5,1.2666666666666668,Low
28.19637011886315,19.5635657575252,3,1.2666666666666668,Low
23.4245864719482,44.58358808030987,3,1.2666666666666668,Low
28.637753830071446,50.34847560430609,5,1.2666666666666668,Low
44.02953298868138,9.48460968718372,1,1.2666666666666668,Low
11.047363425720391,43.47992222299269,5,1.2666666666666668,Low
19.327413767192105,44.39602459245667,5,1.2666666666666668,Low
25.099957374675988,17.153684921199034,2,1.2666666666666668,Low
46.015127892293954,2.987387249222353,3,1.2666666666666668,Low
31.60057467956788,54.42690984749156,4,1.2666666666666668,Low
47.87465259014544,12.308095210103218,1,1.2666666666666668,Low
12.191100640958732,49.20686521151299,1,1.2666666666666668,Low
20.135182386247024,40.7198767974132,5,1.2666666666666668,Low
12.761229125085087,18.09203140722175,4,1.2666666666666668,Low
13.213182487555123,9.845117851219038,1,1.2666666666666668,Low
41.63376284987213,16.538431960325404,5,1.2666666666666668,Low
19.261948946499075,42.2131808037315,5,1.2666666666666668,Low
37.382881137926574,47.80275746593817,3,1.2666666666666668,Low
30.693319056227097,9.156306775423309,5,1.2666666666666668,Low
48.51764975987092,40.87133945532076,5,1.2666666666666668,Low
46.42526732772109,51.93386285023039,4,1.2666666666666668,Low
41.32008489524731,58.6420373566191,5,1.2666666666666668,Low
41.39657990872268,10.915697104237031,3,1.2666666666666668,Low
11.70458240823595,1.92247237104624,5,1.2666666666666668,Low
16.476402244841317,54.58245060696932,4,1.2666666666666668,Low
35.66228094114958,17.760786799859048,3,1.2666666666666668,Low
27.999196600588185,5.323964716167165,1,1.2666666666666668,Low
46.4712583638543,11.36260234860529,5,1.2666666666666668,Low
32.947084905973526,14.581919151648313,5,1.2666666666666668,Low
35.10636593054672,15.974871204161818,1,1.2666666666666668,Low
32.297380462382705,9.364398703514713,3,1.2666666666666668,Low
49.6650013896784,41.56426444841179,1,1.2666666666666668,Low
35.00289610269914,5.441516163526341,2,1.2666666666666668,Low
16.076617619576073,15.811120196485447,4,1.2666666666666668,Low
25.04939334847916,48.0509590567146,3,1.2666666666666668,Low
19.17556855710393,49.5324325885129,5,1.2666666666666668,Low
10.96138508479119,46.167339537143214,2,1.2666666666666668,Low
48.95719467224002,7.053105845357082,5,1.2666666666666668,Low
45.62339709234186,57.04250765329644,3,1.2666666666666668,Low
24.919682059556408,7.846623377451114,5,1.2666666666666668,Low
19.88853328904562,41.57326811956717,4,1.2666666666666668,Low
48.75260811690517,7.013674283526861,4,1.2666666666666668,Low
33.6780720777308,8.847471839238105,2,1.2666666666666668,Low
46.10172985478595,0.6740306695882547,1,1.2666666666666668,Low
47.851606378361765,57.40236890916429,1,1.2666666666666668,Low
29.45864670639577,40.70981044050509,3,1.2666666666666668,Low
26.497139671246504,12.786914201930754,4,1.2666666666666668,Low
46.72720470875863,48.81009527194225,5,1.2666666666666668,Low
16.221325887765083,52.88546792896031,1,1.2666666666666668,Low
24.29559190003533,50.53751960009723,4,1.2666666666666668,Low
31.36988459937728,12.509929993603654,1,1.2666666666666668,Low
13.00218481296463,44.36187238948166,3,1.2666666666666668,Low
45.784535364855024,43.715940756179,2,1.2666666666666668,Low
13.889778950491268,48.08229932964473,4,1.2666666666666668,Low
41.06711929716671,19.08210909632136,4,1.2666666666666668,Low
15.773962885477022,49.957270396345365,3,1.2666666666666668,Low
40.18669775135804,49.68000905875122,4,1.2666666666666668,Low
48.516511743466985,50.33296153464891,1,1.2666666666666668,Low
44.92944195611125,48.03267480811682,2,1.2666666666666668,Low
30.835717349984744,51.46134654220489,5,1.2666666666666668,Low
23.765211266737783,17.353504226697975,1,1.2666666666666668,Low
13.019570764641326,46.206575464605976,5,1.2666666666666668,Low
15.038654942698866,16.708130883472126,1,1.2666666666666668,Low
30.25774224624463,55.7852503838896,4,1.2666666666666668,Low
24.33004985650457,11.165435196594691,3,1.2666666666666668,Low
44.55031062788119,47.86090484383425,2,1.2666666666666668,Low
33.60653972688104,8.244006741784489,2,1.2666666666666668,Low
24.73948788432129,52.94951358895401,1,1.2666666666666668,Low
26.98424650329792,47.29339638699464,2,1.2666666666666668,Low
34.514741102668,12.248470888842348,4,1.2666666666666668,Low
48.90358226707831,16.31397711193921,2,1.2666666666666668,Low
31.52009569903845,49.36159722264002,1,1.2666666666666668,Low
12.509853559569924,48.62787468355047,3,1.2666666666666668,Low
26.717018627385954,41.75420024600476,1,1.2666666666666668,Low
32.249642008227724,56.252935424392966,4,1.2666666666666668,Low
44.14959954675162,40.52250998194499,2,1.2666666666666668,Low
17.395438760306,57.88974717314581,5,1.2666666666666668,Low
15.30161676542388,41.47061149684138,3,1.2666666666666668,Low
45.02297151439418,53.951306582926776,5,1.2666666666666668,Low
40.95330861057982,7.210911587176236,1,1.2666666666666668,Low
23.563171298026347,55.78038581948972,5,1.2666666666666668,Low
20.10500187473941,4.046710757404426,2,1.2666666666666668,Low
45.0052337701188,18.714541284236763,4,1.2666666666666668,Low
12.442555685310968,58.83851735010148,1,1.2666666666666668,Low
19.838833370747583,40.32454660091075,2,1.2666666666666668,Low
40.096970574024425,43.24050203399883,5,1.2666666666666668,Low
21.78262399396446,4.816430599924306,4,1.2666666666666668,Low
30.92878402275293,18.9682402312095,5,1.2666666666666668,Low
13.003580254964517,15.891148689916022,3,1.2666666666666668,Low
17.1300334737073,18.882868131683463,3,1.2666666666666668,Low
10.787861744745532,5.320459848089174,2,1.2666666666666668,Low
21.16636767227813,14.857722498541078,5,1.2666666666666668,Low
32.964529365382475,58.51345485964988,3,1.2666666666666668,Low
45.00032127852065,54.8598160392326,1,1.2666666666666668,Low
34.8916606316771,13.688598385020818,3,1.2666666666666668,Low
39.735443630109735,3.806570128966358,1,1.2666666666666668,Low
25.41359015427095,52.781067039322494,2,1.2666666666666668,Low
31.09950010081094,51.71087690069585,2,1.2666666666666668,Low
13.016722317988217,44.64381512794584,3,1.2666666666666668,Low
11.004799437895954,17.85820676286213,2,1.2666666666666668,Low
28.56533302954801,49.826118188366,5,1.2666666666666668,Low
36.11396242266121,19.393733489378004,4,1.2666666666666668,Low
31.390325921530867,11.97262536318686,4,1.2666666666666668,Low
36.87637834290511,18.597088049187263,2,1.2666666666666668,Low
34.27721431221249,51.09969008813642,2,1.2666666666666668,Low
30.51099754154839,48.41987348775104,3,1.2666666666666668,Low
36.76768544980207,40.70653053030596,4,1.2666666666666668,Low
10.989760093919555,12.461725723364768,2,1.2666666666666668,Low
49.04539573775842,1.8755520731274933,2,1.2666666666666668,Low
35.05018975807694,17.988337083444627,4,1.2666666666666668,Low
13.012430375221385,6.510665696839948,5,1.2666666666666668,Low
32.636076153116015,6.82857435160495,4,1.2666666666666668,Low
28.528918164431182,0.9818711933464686,2,1.2666666666666668,Low
12.720275284757529,10.677233056459174,3,1.2666666666666668,Low
33.764266644545344,10.673325995643538,1,1.2666666666666668,Low
36.0168324811074,49.89403912342398,1,1.2666666666666668,Low
45.28659891808041,4.016771160027406,1,1.2666666666666668,Low
10.373267537394955,12.823679145838812,5,1.2666666666666668,Low
27.52231345814948,44.64602089311055,1,1.2666666666666668,Low
34.30279938495883,44.759236589448776,3,1.2666666666666668,Low
19.9192726952068,58.56370482821964,1,1.2666666666666668,Low
40.84520606154881,8.696160119258,4,1.2666666666666668,Low
29.20643396757897,10.203074458687276,5,1.2666666666666668,Low
45.28098822902558,50.05664421360049,4,1.2666666666666668,Low
14.51938081080003,59.64949728553066,5,1.2666666666666668,Low
48.65686844979565,0.5127055628958654,3,1.2666666666666668,Low
46.92439381567322,7.345461975500658,1,1.2666666666666668,Low
14.038915052613312,49.70488325619367,4,1.2666666666666668,Low
20.837861562388223,53.036909241723706,2,1.2666666666666668,Low
26.53566776883593,19.8420910314868,2,1.2666666666666668,Low
44.2846749730043,17.370943606123678,3,1.2666666666666668,Low
49.35864213972109,53.03655060641394,2,1.2666666666666668,Low
27.39614081976768,52.29461351613151,2,1.2666666666666668,Low
32.10684784401119,9.960165845150676,5,1.2666666666666668,Low
14.00564858901434,7.843587859291327,1,1.2666666666666668,Low
15.99256701210104,47.8897555946486,1,1.2666666666666668,Low
39.23538252336576,18.94857239916812,1,1.2666666666666668,Low
14.67769736278374,9.87149697609652,1,1.2666666666666668,Low
43.5085077285372,7.552992639069949,4,1.2666666666666668,Low
27.829142002481408,43.52392853444247,2,1.2666666666666668,Low
